loss,params,iteration,run_time
0.035441815853118896,"{'batch_size': 32, 'drop_out': 0.3255074481044679, 'first_layer_dense': 48, 'hidden_layer_activation': 'softmax', 'learning_rate': 0.1, 'num_epochs': 17.0, 'optimizer': 'Adagrad', 'output_layer_activation': 'relu', 'second_layer_dense': 42, 'third_layer_dense': 32}",1,410.4156300709583
1.0,"{'batch_size': 32, 'drop_out': 0.39727508397008704, 'first_layer_dense': 81, 'hidden_layer_activation': 'exponential', 'learning_rate': 0.01, 'num_epochs': 18.0, 'optimizer': 'Adamax', 'output_layer_activation': 'linear', 'second_layer_dense': 39, 'third_layer_dense': 29}",2,471.76841674000025
0.9982584095560014,"{'batch_size': 128, 'drop_out': 0.4265204144140186, 'first_layer_dense': 129, 'hidden_layer_activation': 'softsign', 'learning_rate': 0.1, 'num_epochs': 14.0, 'optimizer': 'SGD', 'output_layer_activation': 'linear', 'second_layer_dense': 50, 'third_layer_dense': 26}",3,139.11933143198257
0.1968085765838623,"{'batch_size': 64, 'drop_out': 0.4150463328392716, 'first_layer_dense': 113, 'hidden_layer_activation': 'tanh', 'learning_rate': 0.1, 'num_epochs': 16.0, 'optimizer': 'Adam', 'output_layer_activation': 'relu', 'second_layer_dense': 31, 'third_layer_dense': 19}",4,253.14172706502723
0.1968085765838623,"{'batch_size': 16, 'drop_out': 0.49918730834982356, 'first_layer_dense': 53, 'hidden_layer_activation': 'relu', 'learning_rate': 0.1, 'num_epochs': 5.0, 'optimizer': 'Adagrad', 'output_layer_activation': 'relu', 'second_layer_dense': 48, 'third_layer_dense': 10}",5,218.21202609996544
0.8649427592754364,"{'batch_size': 64, 'drop_out': 0.49922041945093126, 'first_layer_dense': 117, 'hidden_layer_activation': 'elu', 'learning_rate': 0.01, 'num_epochs': 7.0, 'optimizer': 'Adagrad', 'output_layer_activation': 'tanh', 'second_layer_dense': 39, 'third_layer_dense': 18}",6,108.59487805096433
0.1968085765838623,"{'batch_size': 16, 'drop_out': 0.39512447811728724, 'first_layer_dense': 126, 'hidden_layer_activation': 'hard_sigmoid', 'learning_rate': 0.01, 'num_epochs': 15.0, 'optimizer': 'NAdam', 'output_layer_activation': 'relu', 'second_layer_dense': 37, 'third_layer_dense': 24}",7,986.9360910330433
0.1525173783302307,"{'batch_size': 64, 'drop_out': 0.031167309835796242, 'first_layer_dense': 119, 'hidden_layer_activation': 'softplus', 'learning_rate': 0.01, 'num_epochs': 9.0, 'optimizer': 'Adamax', 'output_layer_activation': 'softplus', 'second_layer_dense': 46, 'third_layer_dense': 16}",8,173.86027979297796
0.201635479927063,"{'batch_size': 16, 'drop_out': 0.429093923408751, 'first_layer_dense': 86, 'hidden_layer_activation': 'linear', 'learning_rate': 0.001, 'num_epochs': 10.0, 'optimizer': 'RMSprop', 'output_layer_activation': 'relu', 'second_layer_dense': 39, 'third_layer_dense': 22}",9,468.77275445399573
0.8424346894025803,"{'batch_size': 16, 'drop_out': 0.042569477215831264, 'first_layer_dense': 52, 'hidden_layer_activation': 'hard_sigmoid', 'learning_rate': 0.01, 'num_epochs': 6.0, 'optimizer': 'RMSprop', 'output_layer_activation': 'softsign', 'second_layer_dense': 41, 'third_layer_dense': 26}",10,400.8099287470104
0.8143924325704575,"{'batch_size': 32, 'drop_out': 0.48321188079145533, 'first_layer_dense': 112, 'hidden_layer_activation': 'selu', 'learning_rate': 0.001, 'num_epochs': 13.0, 'optimizer': 'Adadelta', 'output_layer_activation': 'softsign', 'second_layer_dense': 44, 'third_layer_dense': 22}",11,570.4558680480113
1.0,"{'batch_size': 64, 'drop_out': 0.01703833079751277, 'first_layer_dense': 66, 'hidden_layer_activation': 'sigmoid', 'learning_rate': 0.1, 'num_epochs': 7.0, 'optimizer': 'NAdam', 'output_layer_activation': 'tanh', 'second_layer_dense': 30, 'third_layer_dense': 28}",12,152.41842225199798
0.8030146360397339,"{'batch_size': 64, 'drop_out': 0.36251822820202373, 'first_layer_dense': 125, 'hidden_layer_activation': 'tanh', 'learning_rate': 0.01, 'num_epochs': 9.0, 'optimizer': 'Adagrad', 'output_layer_activation': 'selu', 'second_layer_dense': 35, 'third_layer_dense': 12}",13,166.07692965399474
0.1968085765838623,"{'batch_size': 16, 'drop_out': 0.25607085554811615, 'first_layer_dense': 108, 'hidden_layer_activation': 'elu', 'learning_rate': 0.1, 'num_epochs': 16.0, 'optimizer': 'NAdam', 'output_layer_activation': 'sigmoid', 'second_layer_dense': 44, 'third_layer_dense': 24}",14,1144.3200829770067
0.03362065553665161,"{'batch_size': 32, 'drop_out': 0.2661806376140438, 'first_layer_dense': 35, 'hidden_layer_activation': 'selu', 'learning_rate': 0.1, 'num_epochs': 11.0, 'optimizer': 'Adamax', 'output_layer_activation': 'sigmoid', 'second_layer_dense': 39, 'third_layer_dense': 30}",15,438.70354194700485
0.2961941361427307,"{'batch_size': 32, 'drop_out': 0.40514906769251396, 'first_layer_dense': 104, 'hidden_layer_activation': 'softplus', 'learning_rate': 0.1, 'num_epochs': 20.0, 'optimizer': 'Adamax', 'output_layer_activation': 'softplus', 'second_layer_dense': 44, 'third_layer_dense': 17}",16,764.5466547859833
1.0,"{'batch_size': 128, 'drop_out': 0.43377259236856286, 'first_layer_dense': 55, 'hidden_layer_activation': 'exponential', 'learning_rate': 0.1, 'num_epochs': 20.0, 'optimizer': 'Adam', 'output_layer_activation': 'softplus', 'second_layer_dense': 42, 'third_layer_dense': 11}",17,236.5715343679767
0.98228351585567,"{'batch_size': 64, 'drop_out': 0.03601133609831253, 'first_layer_dense': 76, 'hidden_layer_activation': 'linear', 'learning_rate': 0.01, 'num_epochs': 9.0, 'optimizer': 'Adagrad', 'output_layer_activation': 'selu', 'second_layer_dense': 49, 'third_layer_dense': 14}",18,152.15476066700649
0.22417891025543213,"{'batch_size': 128, 'drop_out': 0.3080989650445953, 'first_layer_dense': 82, 'hidden_layer_activation': 'linear', 'learning_rate': 0.001, 'num_epochs': 16.0, 'optimizer': 'Adam', 'output_layer_activation': 'relu', 'second_layer_dense': 32, 'third_layer_dense': 22}",19,187.7006787910359
0.03914600610733032,"{'batch_size': 32, 'drop_out': 0.34061064437350275, 'first_layer_dense': 106, 'hidden_layer_activation': 'softmax', 'learning_rate': 0.001, 'num_epochs': 10.0, 'optimizer': 'RMSprop', 'output_layer_activation': 'hard_sigmoid', 'second_layer_dense': 42, 'third_layer_dense': 31}",20,372.56101683102315
0.028908610343933105,"{'batch_size': 32, 'drop_out': 0.12724438697387772, 'first_layer_dense': 33, 'hidden_layer_activation': 'selu', 'learning_rate': 0.1, 'num_epochs': 12.0, 'optimizer': 'Adamax', 'output_layer_activation': 'sigmoid', 'second_layer_dense': 35, 'third_layer_dense': 31}",21,447.13559209700907
0.0292091965675354,"{'batch_size': 32, 'drop_out': 0.12123684528174705, 'first_layer_dense': 34, 'hidden_layer_activation': 'selu', 'learning_rate': 0.1, 'num_epochs': 12.0, 'optimizer': 'Adamax', 'output_layer_activation': 'sigmoid', 'second_layer_dense': 34, 'third_layer_dense': 30}",22,443.82398128003115
0.02729964256286621,"{'batch_size': 32, 'drop_out': 0.14252394042100558, 'first_layer_dense': 31, 'hidden_layer_activation': 'selu', 'learning_rate': 0.1, 'num_epochs': 12.0, 'optimizer': 'Adamax', 'output_layer_activation': 'sigmoid', 'second_layer_dense': 34, 'third_layer_dense': 32}",23,438.2478024979937
1.0,"{'batch_size': 32, 'drop_out': 0.18130117470074622, 'first_layer_dense': 144, 'hidden_layer_activation': 'selu', 'learning_rate': 0.1, 'num_epochs': 13.0, 'optimizer': 'Adamax', 'output_layer_activation': 'elu', 'second_layer_dense': 34, 'third_layer_dense': 32}",24,521.2483251389931
0.8031914383172989,"{'batch_size': 32, 'drop_out': 0.11226835022745564, 'first_layer_dense': 30, 'hidden_layer_activation': 'selu', 'learning_rate': 0.1, 'num_epochs': 12.0, 'optimizer': 'SGD', 'output_layer_activation': 'softmax', 'second_layer_dense': 36, 'third_layer_dense': 27}",25,395.6440962080378
0.2065420150756836,"{'batch_size': 32, 'drop_out': 0.20010386676783576, 'first_layer_dense': 42, 'hidden_layer_activation': 'softsign', 'learning_rate': 0.1, 'num_epochs': 14.0, 'optimizer': 'Adamax', 'output_layer_activation': 'exponential', 'second_layer_dense': 32, 'third_layer_dense': 32}",26,431.75898415601114
0.02424079179763794,"{'batch_size': 32, 'drop_out': 0.0834316674001093, 'first_layer_dense': 66, 'hidden_layer_activation': 'selu', 'learning_rate': 0.1, 'num_epochs': 11.0, 'optimizer': 'Adadelta', 'output_layer_activation': 'sigmoid', 'second_layer_dense': 37, 'third_layer_dense': 25}",27,447.32779853598913
0.0498695969581604,"{'batch_size': 32, 'drop_out': 0.07958688322187496, 'first_layer_dense': 65, 'hidden_layer_activation': 'relu', 'learning_rate': 0.001, 'num_epochs': 11.0, 'optimizer': 'Adadelta', 'output_layer_activation': 'sigmoid', 'second_layer_dense': 37, 'third_layer_dense': 19}",28,343.3329067520099
0.049038589000701904,"{'batch_size': 128, 'drop_out': 0.17679132131000289, 'first_layer_dense': 94, 'hidden_layer_activation': 'sigmoid', 'learning_rate': 0.1, 'num_epochs': 18.0, 'optimizer': 'Adadelta', 'output_layer_activation': 'exponential', 'second_layer_dense': 33, 'third_layer_dense': 24}",29,212.24215378100052
0.1968085765838623,"{'batch_size': 32, 'drop_out': 0.2168582090702419, 'first_layer_dense': 64, 'hidden_layer_activation': 'softmax', 'learning_rate': 0.1, 'num_epochs': 8.0, 'optimizer': 'Adadelta', 'output_layer_activation': 'sigmoid', 'second_layer_dense': 37, 'third_layer_dense': 20}",30,258.24926417600363
0.02844005823135376,"{'batch_size': 32, 'drop_out': 0.08801496323441697, 'first_layer_dense': 45, 'hidden_layer_activation': 'selu', 'learning_rate': 0.1, 'num_epochs': 14.0, 'optimizer': 'Adadelta', 'output_layer_activation': 'hard_sigmoid', 'second_layer_dense': 31, 'third_layer_dense': 28}",31,477.0767143720295
1.0,"{'batch_size': 32, 'drop_out': 0.14993226662344347, 'first_layer_dense': 72, 'hidden_layer_activation': 'exponential', 'learning_rate': 0.1, 'num_epochs': 18.0, 'optimizer': 'SGD', 'output_layer_activation': 'softmax', 'second_layer_dense': 38, 'third_layer_dense': 26}",32,449.1740786690498
0.7083322405815125,"{'batch_size': 128, 'drop_out': 0.063336396127132, 'first_layer_dense': 97, 'hidden_layer_activation': 'softsign', 'learning_rate': 0.1, 'num_epochs': 11.0, 'optimizer': 'Adadelta', 'output_layer_activation': 'linear', 'second_layer_dense': 40, 'third_layer_dense': 25}",33,116.21020912803942
0.974707156419754,"{'batch_size': 32, 'drop_out': 0.29594672222751905, 'first_layer_dense': 59, 'hidden_layer_activation': 'selu', 'learning_rate': 0.1, 'num_epochs': 15.0, 'optimizer': 'Adadelta', 'output_layer_activation': 'elu', 'second_layer_dense': 30, 'third_layer_dense': 29}",34,505.14994930598186
0.04739421606063843,"{'batch_size': 32, 'drop_out': 0.2338109606139744, 'first_layer_dense': 45, 'hidden_layer_activation': 'tanh', 'learning_rate': 0.001, 'num_epochs': 5.0, 'optimizer': 'SGD', 'output_layer_activation': 'sigmoid', 'second_layer_dense': 35, 'third_layer_dense': 15}",35,115.8174795320374
0.1968085765838623,"{'batch_size': 128, 'drop_out': 0.0035566434440554157, 'first_layer_dense': 137, 'hidden_layer_activation': 'relu', 'learning_rate': 0.1, 'num_epochs': 10.0, 'optimizer': 'Adam', 'output_layer_activation': 'sigmoid', 'second_layer_dense': 33, 'third_layer_dense': 21}",36,106.84130953700515
1.0,"{'batch_size': 16, 'drop_out': 0.16420303784705254, 'first_layer_dense': 92, 'hidden_layer_activation': 'elu', 'learning_rate': 0.1, 'num_epochs': 7.0, 'optimizer': 'NAdam', 'output_layer_activation': 'linear', 'second_layer_dense': 36, 'third_layer_dense': 28}",37,416.98976100899745
0.025478482246398926,"{'batch_size': 32, 'drop_out': 0.1432038802267294, 'first_layer_dense': 38, 'hidden_layer_activation': 'hard_sigmoid', 'learning_rate': 0.01, 'num_epochs': 14.0, 'optimizer': 'RMSprop', 'output_layer_activation': 'sigmoid', 'second_layer_dense': 38, 'third_layer_dense': 25}",38,421.31259278499056
0.8266808092594147,"{'batch_size': 64, 'drop_out': 0.10609339926813025, 'first_layer_dense': 40, 'hidden_layer_activation': 'hard_sigmoid', 'learning_rate': 0.01, 'num_epochs': 17.0, 'optimizer': 'RMSprop', 'output_layer_activation': 'tanh', 'second_layer_dense': 41, 'third_layer_dense': 23}",39,292.5481829799828
1.0,"{'batch_size': 16, 'drop_out': 0.0564876551797302, 'first_layer_dense': 74, 'hidden_layer_activation': 'hard_sigmoid', 'learning_rate': 0.01, 'num_epochs': 15.0, 'optimizer': 'RMSprop', 'output_layer_activation': 'softsign', 'second_layer_dense': 38, 'third_layer_dense': 25}",40,863.1066286289715
0.20934444665908813,"{'batch_size': 32, 'drop_out': 0.088382649111086, 'first_layer_dense': 50, 'hidden_layer_activation': 'hard_sigmoid', 'learning_rate': 0.01, 'num_epochs': 19.0, 'optimizer': 'RMSprop', 'output_layer_activation': 'exponential', 'second_layer_dense': 47, 'third_layer_dense': 20}",41,577.8968269220204
1.0,"{'batch_size': 32, 'drop_out': 0.2753898052324227, 'first_layer_dense': 60, 'hidden_layer_activation': 'softplus', 'learning_rate': 0.01, 'num_epochs': 13.0, 'optimizer': 'RMSprop', 'output_layer_activation': 'selu', 'second_layer_dense': 43, 'third_layer_dense': 27}",42,375.38186918001156
0.8031914383172989,"{'batch_size': 16, 'drop_out': 0.20563583229086846, 'first_layer_dense': 85, 'hidden_layer_activation': 'hard_sigmoid', 'learning_rate': 0.01, 'num_epochs': 14.0, 'optimizer': 'Adagrad', 'output_layer_activation': 'softmax', 'second_layer_dense': 40, 'third_layer_dense': 23}",43,791.0612973900279
0.03132212162017822,"{'batch_size': 64, 'drop_out': 0.23877235936604874, 'first_layer_dense': 78, 'hidden_layer_activation': 'sigmoid', 'learning_rate': 0.01, 'num_epochs': 17.0, 'optimizer': 'RMSprop', 'output_layer_activation': 'hard_sigmoid', 'second_layer_dense': 45, 'third_layer_dense': 25}",44,274.73989935498685
0.1968085765838623,"{'batch_size': 128, 'drop_out': 0.14861220695134114, 'first_layer_dense': 70, 'hidden_layer_activation': 'hard_sigmoid', 'learning_rate': 0.01, 'num_epochs': 8.0, 'optimizer': 'Adadelta', 'output_layer_activation': 'softsign', 'second_layer_dense': 38, 'third_layer_dense': 18}",45,95.23604617599631
0.7975688427686691,"{'batch_size': 32, 'drop_out': 0.004053575392106462, 'first_layer_dense': 39, 'hidden_layer_activation': 'tanh', 'learning_rate': 0.01, 'num_epochs': 6.0, 'optimizer': 'NAdam', 'output_layer_activation': 'tanh', 'second_layer_dense': 41, 'third_layer_dense': 21}",46,180.59293666499434
1.0,"{'batch_size': 64, 'drop_out': 0.05848719518088083, 'first_layer_dense': 57, 'hidden_layer_activation': 'exponential', 'learning_rate': 0.001, 'num_epochs': 15.0, 'optimizer': 'RMSprop', 'output_layer_activation': 'elu', 'second_layer_dense': 39, 'third_layer_dense': 27}",47,225.62984697299544
0.0715908408164978,"{'batch_size': 16, 'drop_out': 0.0170901739621641, 'first_layer_dense': 48, 'hidden_layer_activation': 'elu', 'learning_rate': 0.01, 'num_epochs': 11.0, 'optimizer': 'Adam', 'output_layer_activation': 'sigmoid', 'second_layer_dense': 36, 'third_layer_dense': 23}",48,533.5438422639854
0.03688281774520874,"{'batch_size': 32, 'drop_out': 0.1906652362779809, 'first_layer_dense': 88, 'hidden_layer_activation': 'softmax', 'learning_rate': 0.01, 'num_epochs': 13.0, 'optimizer': 'Adagrad', 'output_layer_activation': 'softplus', 'second_layer_dense': 43, 'third_layer_dense': 29}",49,346.05842772399774
0.8304115235805511,"{'batch_size': 32, 'drop_out': 0.37327309528074126, 'first_layer_dense': 100, 'hidden_layer_activation': 'linear', 'learning_rate': 0.001, 'num_epochs': 8.0, 'optimizer': 'SGD', 'output_layer_activation': 'relu', 'second_layer_dense': 40, 'third_layer_dense': 17}",50,198.61501102696639
0.3645316958427429,"{'batch_size': 64, 'drop_out': 0.10468350745203821, 'first_layer_dense': 53, 'hidden_layer_activation': 'softplus', 'learning_rate': 0.01, 'num_epochs': 16.0, 'optimizer': 'Adadelta', 'output_layer_activation': 'linear', 'second_layer_dense': 46, 'third_layer_dense': 13}",51,278.29655592294876
0.9756619371473789,"{'batch_size': 128, 'drop_out': 0.21609970497679765, 'first_layer_dense': 66, 'hidden_layer_activation': 'hard_sigmoid', 'learning_rate': 0.01, 'num_epochs': 10.0, 'optimizer': 'RMSprop', 'output_layer_activation': 'selu', 'second_layer_dense': 39, 'third_layer_dense': 30}",52,115.88972112402553
0.020651578903198242,"{'batch_size': 32, 'drop_out': 0.13281135747129705, 'first_layer_dense': 79, 'hidden_layer_activation': 'softsign', 'learning_rate': 0.001, 'num_epochs': 9.0, 'optimizer': 'NAdam', 'output_layer_activation': 'sigmoid', 'second_layer_dense': 49, 'third_layer_dense': 22}",53,275.74774022004567
0.022897064685821533,"{'batch_size': 16, 'drop_out': 0.2841278980345687, 'first_layer_dense': 115, 'hidden_layer_activation': 'softsign', 'learning_rate': 0.001, 'num_epochs': 9.0, 'optimizer': 'NAdam', 'output_layer_activation': 'sigmoid', 'second_layer_dense': 49, 'third_layer_dense': 19}",54,517.3291636169888
0.035468339920043945,"{'batch_size': 16, 'drop_out': 0.4791090814253422, 'first_layer_dense': 119, 'hidden_layer_activation': 'softsign', 'learning_rate': 0.001, 'num_epochs': 6.0, 'optimizer': 'NAdam', 'output_layer_activation': 'softplus', 'second_layer_dense': 50, 'third_layer_dense': 16}",55,353.596272950992
0.03177297115325928,"{'batch_size': 16, 'drop_out': 0.45021293415978525, 'first_layer_dense': 132, 'hidden_layer_activation': 'softsign', 'learning_rate': 0.001, 'num_epochs': 9.0, 'optimizer': 'NAdam', 'output_layer_activation': 'relu', 'second_layer_dense': 49, 'third_layer_dense': 10}",56,531.683605164988
0.0350528359413147,"{'batch_size': 16, 'drop_out': 0.33961522188848187, 'first_layer_dense': 113, 'hidden_layer_activation': 'softsign', 'learning_rate': 0.001, 'num_epochs': 5.0, 'optimizer': 'NAdam', 'output_layer_activation': 'tanh', 'second_layer_dense': 48, 'third_layer_dense': 19}",57,299.8861732800142
0.025071799755096436,"{'batch_size': 16, 'drop_out': 0.29153996907385005, 'first_layer_dense': 146, 'hidden_layer_activation': 'softsign', 'learning_rate': 0.001, 'num_epochs': 7.0, 'optimizer': 'NAdam', 'output_layer_activation': 'sigmoid', 'second_layer_dense': 49, 'third_layer_dense': 14}",58,405.36774870200315
0.02855503559112549,"{'batch_size': 16, 'drop_out': 0.32989039386676333, 'first_layer_dense': 139, 'hidden_layer_activation': 'softsign', 'learning_rate': 0.001, 'num_epochs': 9.0, 'optimizer': 'NAdam', 'output_layer_activation': 'hard_sigmoid', 'second_layer_dense': 47, 'third_layer_dense': 18}",59,565.1195003649918
0.8138443231582642,"{'batch_size': 16, 'drop_out': 0.37171841551498075, 'first_layer_dense': 129, 'hidden_layer_activation': 'softsign', 'learning_rate': 0.001, 'num_epochs': 6.0, 'optimizer': 'NAdam', 'output_layer_activation': 'softsign', 'second_layer_dense': 45, 'third_layer_dense': 16}",60,357.96475266100606
0.13636565208435059,"{'batch_size': 16, 'drop_out': 0.25525018590384607, 'first_layer_dense': 125, 'hidden_layer_activation': 'softsign', 'learning_rate': 0.001, 'num_epochs': 8.0, 'optimizer': 'NAdam', 'output_layer_activation': 'exponential', 'second_layer_dense': 48, 'third_layer_dense': 20}",61,472.09252886101604
0.8031914383172989,"{'batch_size': 16, 'drop_out': 0.27865149437486253, 'first_layer_dense': 110, 'hidden_layer_activation': 'relu', 'learning_rate': 0.001, 'num_epochs': 10.0, 'optimizer': 'NAdam', 'output_layer_activation': 'softmax', 'second_layer_dense': 50, 'third_layer_dense': 12}",62,509.8704183200025
0.15192502737045288,"{'batch_size': 64, 'drop_out': 0.3936298678291938, 'first_layer_dense': 115, 'hidden_layer_activation': 'sigmoid', 'learning_rate': 0.001, 'num_epochs': 7.0, 'optimizer': 'NAdam', 'output_layer_activation': 'elu', 'second_layer_dense': 46, 'third_layer_dense': 22}",63,103.28410521300975
0.024585604667663574,"{'batch_size': 128, 'drop_out': 0.3132396541969052, 'first_layer_dense': 101, 'hidden_layer_activation': 'softsign', 'learning_rate': 0.001, 'num_epochs': 5.0, 'optimizer': 'Adam', 'output_layer_activation': 'sigmoid', 'second_layer_dense': 47, 'third_layer_dense': 17}",64,43.809902518987656
0.1968085765838623,"{'batch_size': 16, 'drop_out': 0.23215004361048333, 'first_layer_dense': 81, 'hidden_layer_activation': 'softmax', 'learning_rate': 0.001, 'num_epochs': 9.0, 'optimizer': 'Adagrad', 'output_layer_activation': 'selu', 'second_layer_dense': 45, 'third_layer_dense': 14}",65,360.7374097830034
0.09040355682373047,"{'batch_size': 32, 'drop_out': 0.168839061313925, 'first_layer_dense': 120, 'hidden_layer_activation': 'linear', 'learning_rate': 0.001, 'num_epochs': 11.0, 'optimizer': 'Adadelta', 'output_layer_activation': 'sigmoid', 'second_layer_dense': 43, 'third_layer_dense': 22}",66,247.21674734400585
0.016275465488433838,"{'batch_size': 32, 'drop_out': 0.04018174668548739, 'first_layer_dense': 95, 'hidden_layer_activation': 'selu', 'learning_rate': 0.001, 'num_epochs': 12.0, 'optimizer': 'NAdam', 'output_layer_activation': 'sigmoid', 'second_layer_dense': 48, 'third_layer_dense': 26}",67,339.5965838379925
0.018954157829284668,"{'batch_size': 32, 'drop_out': 0.043632967976928894, 'first_layer_dense': 93, 'hidden_layer_activation': 'tanh', 'learning_rate': 0.001, 'num_epochs': 12.0, 'optimizer': 'NAdam', 'output_layer_activation': 'sigmoid', 'second_layer_dense': 48, 'third_layer_dense': 24}",68,286.102051725029
0.01929008960723877,"{'batch_size': 32, 'drop_out': 0.027159892320037113, 'first_layer_dense': 95, 'hidden_layer_activation': 'tanh', 'learning_rate': 0.001, 'num_epochs': 12.0, 'optimizer': 'NAdam', 'output_layer_activation': 'sigmoid', 'second_layer_dense': 50, 'third_layer_dense': 26}",69,294.801290443982
0.022172152996063232,"{'batch_size': 32, 'drop_out': 0.02333122303932577, 'first_layer_dense': 106, 'hidden_layer_activation': 'tanh', 'learning_rate': 0.001, 'num_epochs': 12.0, 'optimizer': 'NAdam', 'output_layer_activation': 'sigmoid', 'second_layer_dense': 48, 'third_layer_dense': 26}",70,297.220391054987
0.018034756183624268,"{'batch_size': 32, 'drop_out': 0.04019132476015787, 'first_layer_dense': 91, 'hidden_layer_activation': 'tanh', 'learning_rate': 0.001, 'num_epochs': 12.0, 'optimizer': 'NAdam', 'output_layer_activation': 'sigmoid', 'second_layer_dense': 50, 'third_layer_dense': 24}",71,286.1881805740413
0.024930357933044434,"{'batch_size': 32, 'drop_out': 0.041389900398355994, 'first_layer_dense': 85, 'hidden_layer_activation': 'tanh', 'learning_rate': 0.001, 'num_epochs': 13.0, 'optimizer': 'NAdam', 'output_layer_activation': 'linear', 'second_layer_dense': 47, 'third_layer_dense': 28}",72,327.4328558020061
0.03610485792160034,"{'batch_size': 32, 'drop_out': 0.07157853363940445, 'first_layer_dense': 89, 'hidden_layer_activation': 'tanh', 'learning_rate': 0.001, 'num_epochs': 14.0, 'optimizer': 'SGD', 'output_layer_activation': 'sigmoid', 'second_layer_dense': 44, 'third_layer_dense': 24}",73,275.6721731509897
0.022472679615020752,"{'batch_size': 32, 'drop_out': 0.09687799742818931, 'first_layer_dense': 97, 'hidden_layer_activation': 'tanh', 'learning_rate': 0.001, 'num_epochs': 15.0, 'optimizer': 'NAdam', 'output_layer_activation': 'softplus', 'second_layer_dense': 46, 'third_layer_dense': 24}",74,365.93331811996177
0.10773104429244995,"{'batch_size': 32, 'drop_out': 0.04757956629675934, 'first_layer_dense': 101, 'hidden_layer_activation': 'tanh', 'learning_rate': 0.001, 'num_epochs': 12.0, 'optimizer': 'Adamax', 'output_layer_activation': 'relu', 'second_layer_dense': 48, 'third_layer_dense': 23}",75,263.0934236649773
0.03292226791381836,"{'batch_size': 32, 'drop_out': 0.12077386224991737, 'first_layer_dense': 104, 'hidden_layer_activation': 'selu', 'learning_rate': 0.001, 'num_epochs': 13.0, 'optimizer': 'Adam', 'output_layer_activation': 'hard_sigmoid', 'second_layer_dense': 50, 'third_layer_dense': 31}",76,363.02954154700274
0.1629934310913086,"{'batch_size': 32, 'drop_out': 0.001034369738795067, 'first_layer_dense': 84, 'hidden_layer_activation': 'tanh', 'learning_rate': 0.001, 'num_epochs': 16.0, 'optimizer': 'NAdam', 'output_layer_activation': 'exponential', 'second_layer_dense': 44, 'third_layer_dense': 27}",77,395.5557161080069
1.0,"{'batch_size': 32, 'drop_out': 0.07425452737084393, 'first_layer_dense': 91, 'hidden_layer_activation': 'exponential', 'learning_rate': 0.001, 'num_epochs': 10.0, 'optimizer': 'Adagrad', 'output_layer_activation': 'sigmoid', 'second_layer_dense': 45, 'third_layer_dense': 21}",78,205.20103126601316
0.8031914383172989,"{'batch_size': 32, 'drop_out': 0.008879696629057805, 'first_layer_dense': 69, 'hidden_layer_activation': 'elu', 'learning_rate': 0.001, 'num_epochs': 11.0, 'optimizer': 'NAdam', 'output_layer_activation': 'softmax', 'second_layer_dense': 46, 'third_layer_dense': 29}",79,277.20228986500297
1.0,"{'batch_size': 128, 'drop_out': 0.04126445259360255, 'first_layer_dense': 76, 'hidden_layer_activation': 'selu', 'learning_rate': 0.001, 'num_epochs': 14.0, 'optimizer': 'SGD', 'output_layer_activation': 'tanh', 'second_layer_dense': 42, 'third_layer_dense': 26}",80,135.37638182297815
0.3265349268913269,"{'batch_size': 32, 'drop_out': 0.15931020824456027, 'first_layer_dense': 123, 'hidden_layer_activation': 'softplus', 'learning_rate': 0.001, 'num_epochs': 12.0, 'optimizer': 'Adamax', 'output_layer_activation': 'elu', 'second_layer_dense': 48, 'third_layer_dense': 28}",81,305.24872428696835
0.017946362495422363,"{'batch_size': 64, 'drop_out': 0.05551652875839799, 'first_layer_dense': 109, 'hidden_layer_activation': 'tanh', 'learning_rate': 0.001, 'num_epochs': 13.0, 'optimizer': 'NAdam', 'output_layer_activation': 'sigmoid', 'second_layer_dense': 47, 'third_layer_dense': 24}",82,178.27462292602286
0.02300316095352173,"{'batch_size': 64, 'drop_out': 0.13271881361366378, 'first_layer_dense': 108, 'hidden_layer_activation': 'sigmoid', 'learning_rate': 0.001, 'num_epochs': 15.0, 'optimizer': 'NAdam', 'output_layer_activation': 'sigmoid', 'second_layer_dense': 47, 'third_layer_dense': 20}",83,211.1359371719882
0.7027096450328827,"{'batch_size': 64, 'drop_out': 0.06433865630101544, 'first_layer_dense': 131, 'hidden_layer_activation': 'relu', 'learning_rate': 0.001, 'num_epochs': 18.0, 'optimizer': 'Adam', 'output_layer_activation': 'softsign', 'second_layer_dense': 50, 'third_layer_dense': 31}",84,251.01174445799552
0.9368253573775291,"{'batch_size': 64, 'drop_out': 0.11293170638840469, 'first_layer_dense': 97, 'hidden_layer_activation': 'selu', 'learning_rate': 0.001, 'num_epochs': 13.0, 'optimizer': 'Adagrad', 'output_layer_activation': 'selu', 'second_layer_dense': 49, 'third_layer_dense': 27}",85,205.8225346970139
0.35265880823135376,"{'batch_size': 64, 'drop_out': 0.09038433038582849, 'first_layer_dense': 88, 'hidden_layer_activation': 'tanh', 'learning_rate': 0.001, 'num_epochs': 11.0, 'optimizer': 'NAdam', 'output_layer_activation': 'linear', 'second_layer_dense': 42, 'third_layer_dense': 30}",86,151.76163600897416
0.06289172172546387,"{'batch_size': 64, 'drop_out': 0.018819172843646228, 'first_layer_dense': 121, 'hidden_layer_activation': 'linear', 'learning_rate': 0.001, 'num_epochs': 13.0, 'optimizer': 'SGD', 'output_layer_activation': 'sigmoid', 'second_layer_dense': 41, 'third_layer_dense': 23}",87,153.1500143929734
1.0,"{'batch_size': 64, 'drop_out': 0.10001070069097458, 'first_layer_dense': 150, 'hidden_layer_activation': 'exponential', 'learning_rate': 0.001, 'num_epochs': 17.0, 'optimizer': 'Adamax', 'output_layer_activation': 'softplus', 'second_layer_dense': 43, 'third_layer_dense': 25}",88,232.55715753795812
0.1968085765838623,"{'batch_size': 64, 'drop_out': 0.053609094293647665, 'first_layer_dense': 110, 'hidden_layer_activation': 'softmax', 'learning_rate': 0.001, 'num_epochs': 19.0, 'optimizer': 'NAdam', 'output_layer_activation': 'relu', 'second_layer_dense': 45, 'third_layer_dense': 29}",89,295.69632372498745
0.1968085765838623,"{'batch_size': 64, 'drop_out': 0.18849358152343965, 'first_layer_dense': 82, 'hidden_layer_activation': 'elu', 'learning_rate': 0.1, 'num_epochs': 14.0, 'optimizer': 'NAdam', 'output_layer_activation': 'hard_sigmoid', 'second_layer_dense': 46, 'third_layer_dense': 24}",90,204.12815789302113
0.017672300338745117,"{'batch_size': 128, 'drop_out': 0.03141749112325532, 'first_layer_dense': 99, 'hidden_layer_activation': 'tanh', 'learning_rate': 0.001, 'num_epochs': 10.0, 'optimizer': 'Adam', 'output_layer_activation': 'sigmoid', 'second_layer_dense': 44, 'third_layer_dense': 26}",91,86.2871737430105
0.7781019359827042,"{'batch_size': 128, 'drop_out': 0.030437948097167784, 'first_layer_dense': 136, 'hidden_layer_activation': 'selu', 'learning_rate': 0.001, 'num_epochs': 10.0, 'optimizer': 'Adam', 'output_layer_activation': 'tanh', 'second_layer_dense': 44, 'third_layer_dense': 28}",92,118.67389031301718
1.0,"{'batch_size': 128, 'drop_out': 0.0003688198231048337, 'first_layer_dense': 128, 'hidden_layer_activation': 'softplus', 'learning_rate': 0.001, 'num_epochs': 16.0, 'optimizer': 'Adam', 'output_layer_activation': 'exponential', 'second_layer_dense': 42, 'third_layer_dense': 30}",93,161.80889540998032
0.8031914383172989,"{'batch_size': 128, 'drop_out': 0.07551869334474277, 'first_layer_dense': 116, 'hidden_layer_activation': 'relu', 'learning_rate': 0.1, 'num_epochs': 8.0, 'optimizer': 'Adam', 'output_layer_activation': 'softmax', 'second_layer_dense': 43, 'third_layer_dense': 26}",94,71.94600747799268
0.7961189895868301,"{'batch_size': 128, 'drop_out': 0.1242397888338167, 'first_layer_dense': 103, 'hidden_layer_activation': 'tanh', 'learning_rate': 0.001, 'num_epochs': 11.0, 'optimizer': 'Adam', 'output_layer_activation': 'softsign', 'second_layer_dense': 47, 'third_layer_dense': 27}",95,97.18483519600704
0.9998408699175343,"{'batch_size': 128, 'drop_out': 0.17621900592551604, 'first_layer_dense': 112, 'hidden_layer_activation': 'selu', 'learning_rate': 0.001, 'num_epochs': 10.0, 'optimizer': 'Adam', 'output_layer_activation': 'elu', 'second_layer_dense': 44, 'third_layer_dense': 32}",96,113.45304287399631
0.02925342321395874,"{'batch_size': 128, 'drop_out': 0.15866643192238794, 'first_layer_dense': 98, 'hidden_layer_activation': 'sigmoid', 'learning_rate': 0.001, 'num_epochs': 7.0, 'optimizer': 'Adam', 'output_layer_activation': 'sigmoid', 'second_layer_dense': 45, 'third_layer_dense': 25}",97,62.083316469041165
1.0,"{'batch_size': 128, 'drop_out': 0.06539915209793479, 'first_layer_dense': 62, 'hidden_layer_activation': 'linear', 'learning_rate': 0.01, 'num_epochs': 14.0, 'optimizer': 'Adam', 'output_layer_activation': 'selu', 'second_layer_dense': 41, 'third_layer_dense': 21}",98,109.62396151997382
0.023692727088928223,"{'batch_size': 128, 'drop_out': 0.012958259009223247, 'first_layer_dense': 108, 'hidden_layer_activation': 'softmax', 'learning_rate': 0.1, 'num_epochs': 15.0, 'optimizer': 'Adagrad', 'output_layer_activation': 'sigmoid', 'second_layer_dense': 40, 'third_layer_dense': 29}",99,130.88060642400524
1.0,"{'batch_size': 64, 'drop_out': 0.20346097995526854, 'first_layer_dense': 142, 'hidden_layer_activation': 'exponential', 'learning_rate': 0.001, 'num_epochs': 11.0, 'optimizer': 'SGD', 'output_layer_activation': 'linear', 'second_layer_dense': 49, 'third_layer_dense': 22}",100,142.74463141500019
0.028130650520324707,"{'batch_size': 128, 'drop_out': 0.13927745467781438, 'first_layer_dense': 72, 'hidden_layer_activation': 'tanh', 'learning_rate': 0.001, 'num_epochs': 8.0, 'optimizer': 'Adamax', 'output_layer_activation': 'sigmoid', 'second_layer_dense': 47, 'third_layer_dense': 19}",101,62.49074939097045
0.212049663066864,"{'batch_size': 64, 'drop_out': 0.11354646911210087, 'first_layer_dense': 135, 'hidden_layer_activation': 'elu', 'learning_rate': 0.01, 'num_epochs': 10.0, 'optimizer': 'RMSprop', 'output_layer_activation': 'softplus', 'second_layer_dense': 46, 'third_layer_dense': 28}",102,144.55024577997392
0.1999911665916443,"{'batch_size': 128, 'drop_out': 0.08400173836263933, 'first_layer_dense': 123, 'hidden_layer_activation': 'selu', 'learning_rate': 0.001, 'num_epochs': 13.0, 'optimizer': 'Adadelta', 'output_layer_activation': 'relu', 'second_layer_dense': 44, 'third_layer_dense': 23}",103,154.96159724000609
0.1968085765838623,"{'batch_size': 64, 'drop_out': 0.24343277266778593, 'first_layer_dense': 80, 'hidden_layer_activation': 'softplus', 'learning_rate': 0.1, 'num_epochs': 16.0, 'optimizer': 'Adam', 'output_layer_activation': 'sigmoid', 'second_layer_dense': 49, 'third_layer_dense': 30}",104,233.8456553569995
0.23446053266525269,"{'batch_size': 128, 'drop_out': 0.21311683227447983, 'first_layer_dense': 95, 'hidden_layer_activation': 'tanh', 'learning_rate': 0.001, 'num_epochs': 9.0, 'optimizer': 'Adagrad', 'output_layer_activation': 'exponential', 'second_layer_dense': 41, 'third_layer_dense': 26}",105,73.08582571998704
0.024514853954315186,"{'batch_size': 64, 'drop_out': 0.22432218084715255, 'first_layer_dense': 117, 'hidden_layer_activation': 'tanh', 'learning_rate': 0.001, 'num_epochs': 17.0, 'optimizer': 'Adam', 'output_layer_activation': 'hard_sigmoid', 'second_layer_dense': 48, 'third_layer_dense': 25}",106,230.58169366797665
0.06020420789718628,"{'batch_size': 128, 'drop_out': 0.053453850692043094, 'first_layer_dense': 106, 'hidden_layer_activation': 'relu', 'learning_rate': 0.001, 'num_epochs': 11.0, 'optimizer': 'SGD', 'output_layer_activation': 'tanh', 'second_layer_dense': 43, 'third_layer_dense': 27}",107,90.03970354201738
0.8031914383172989,"{'batch_size': 64, 'drop_out': 0.03127844917248686, 'first_layer_dense': 100, 'hidden_layer_activation': 'sigmoid', 'learning_rate': 0.01, 'num_epochs': 6.0, 'optimizer': 'RMSprop', 'output_layer_activation': 'softmax', 'second_layer_dense': 46, 'third_layer_dense': 22}",108,79.16625151102198
0.13053089380264282,"{'batch_size': 128, 'drop_out': 0.4612782830298968, 'first_layer_dense': 76, 'hidden_layer_activation': 'selu', 'learning_rate': 0.001, 'num_epochs': 10.0, 'optimizer': 'Adadelta', 'output_layer_activation': 'sigmoid', 'second_layer_dense': 45, 'third_layer_dense': 32}",109,100.98273457097821
0.7969323247671127,"{'batch_size': 64, 'drop_out': 0.18978624651245807, 'first_layer_dense': 111, 'hidden_layer_activation': 'hard_sigmoid', 'learning_rate': 0.1, 'num_epochs': 12.0, 'optimizer': 'Adamax', 'output_layer_activation': 'softsign', 'second_layer_dense': 42, 'third_layer_dense': 23}",110,181.68081256299047
0.020474731922149658,"{'batch_size': 128, 'drop_out': 0.09272955224579553, 'first_layer_dense': 87, 'hidden_layer_activation': 'tanh', 'learning_rate': 0.001, 'num_epochs': 8.0, 'optimizer': 'NAdam', 'output_layer_activation': 'sigmoid', 'second_layer_dense': 44, 'third_layer_dense': 31}",111,71.56324472802226
1.0,"{'batch_size': 64, 'drop_out': 0.008990810414317735, 'first_layer_dense': 133, 'hidden_layer_activation': 'linear', 'learning_rate': 0.001, 'num_epochs': 14.0, 'optimizer': 'Adam', 'output_layer_activation': 'elu', 'second_layer_dense': 39, 'third_layer_dense': 18}",112,189.17616243299562
1.0,"{'batch_size': 128, 'drop_out': 0.2704753880813072, 'first_layer_dense': 68, 'hidden_layer_activation': 'exponential', 'learning_rate': 0.01, 'num_epochs': 13.0, 'optimizer': 'NAdam', 'output_layer_activation': 'selu', 'second_layer_dense': 47, 'third_layer_dense': 21}",113,111.44926436303649
0.1968085765838623,"{'batch_size': 64, 'drop_out': 0.11171863249337896, 'first_layer_dense': 93, 'hidden_layer_activation': 'softmax', 'learning_rate': 0.001, 'num_epochs': 15.0, 'optimizer': 'Adagrad', 'output_layer_activation': 'linear', 'second_layer_dense': 45, 'third_layer_dense': 25}",114,205.39482860802673
0.04163020849227905,"{'batch_size': 64, 'drop_out': 0.1503049479139319, 'first_layer_dense': 84, 'hidden_layer_activation': 'elu', 'learning_rate': 0.001, 'num_epochs': 12.0, 'optimizer': 'SGD', 'output_layer_activation': 'sigmoid', 'second_layer_dense': 48, 'third_layer_dense': 20}",115,146.45701314904727
0.22202181816101074,"{'batch_size': 128, 'drop_out': 0.35500445291105276, 'first_layer_dense': 104, 'hidden_layer_activation': 'tanh', 'learning_rate': 0.1, 'num_epochs': 9.0, 'optimizer': 'NAdam', 'output_layer_activation': 'softplus', 'second_layer_dense': 43, 'third_layer_dense': 29}",116,87.82202849001624
0.029156148433685303,"{'batch_size': 16, 'drop_out': 0.40931031843628285, 'first_layer_dense': 149, 'hidden_layer_activation': 'selu', 'learning_rate': 0.001, 'num_epochs': 11.0, 'optimizer': 'RMSprop', 'output_layer_activation': 'sigmoid', 'second_layer_dense': 46, 'third_layer_dense': 26}",117,536.7638939819881
0.15973126888275146,"{'batch_size': 32, 'drop_out': 0.07526810432897636, 'first_layer_dense': 127, 'hidden_layer_activation': 'softplus', 'learning_rate': 0.001, 'num_epochs': 13.0, 'optimizer': 'Adadelta', 'output_layer_activation': 'relu', 'second_layer_dense': 49, 'third_layer_dense': 24}",118,337.42597887001466
0.02750295400619507,"{'batch_size': 64, 'drop_out': 0.1696588853914942, 'first_layer_dense': 118, 'hidden_layer_activation': 'relu', 'learning_rate': 0.01, 'num_epochs': 10.0, 'optimizer': 'Adamax', 'output_layer_activation': 'hard_sigmoid', 'second_layer_dense': 47, 'third_layer_dense': 27}",119,138.118745277985
0.16549527645111084,"{'batch_size': 128, 'drop_out': 0.018387497443483475, 'first_layer_dense': 90, 'hidden_layer_activation': 'tanh', 'learning_rate': 0.001, 'num_epochs': 19.0, 'optimizer': 'Adam', 'output_layer_activation': 'exponential', 'second_layer_dense': 50, 'third_layer_dense': 22}",120,162.57364656805294
1.0,"{'batch_size': 32, 'drop_out': 0.06526132621842773, 'first_layer_dense': 140, 'hidden_layer_activation': 'hard_sigmoid', 'learning_rate': 0.001, 'num_epochs': 14.0, 'optimizer': 'NAdam', 'output_layer_activation': 'tanh', 'second_layer_dense': 40, 'third_layer_dense': 15}",121,415.66483359597623
0.01837068796157837,"{'batch_size': 16, 'drop_out': 0.05034894191243039, 'first_layer_dense': 108, 'hidden_layer_activation': 'sigmoid', 'learning_rate': 0.001, 'num_epochs': 16.0, 'optimizer': 'NAdam', 'output_layer_activation': 'sigmoid', 'second_layer_dense': 45, 'third_layer_dense': 19}",122,696.3872984020272
0.8031914383172989,"{'batch_size': 64, 'drop_out': 0.03228434740053589, 'first_layer_dense': 123, 'hidden_layer_activation': 'selu', 'learning_rate': 0.1, 'num_epochs': 15.0, 'optimizer': 'Adam', 'output_layer_activation': 'softmax', 'second_layer_dense': 39, 'third_layer_dense': 24}",123,250.7205020309775
0.44710248708724976,"{'batch_size': 32, 'drop_out': 0.26046804266247126, 'first_layer_dense': 102, 'hidden_layer_activation': 'tanh', 'learning_rate': 0.001, 'num_epochs': 20.0, 'optimizer': 'Adagrad', 'output_layer_activation': 'softsign', 'second_layer_dense': 31, 'third_layer_dense': 28}",124,417.08134186296957
0.99984971046797,"{'batch_size': 128, 'drop_out': 0.1272222938014851, 'first_layer_dense': 145, 'hidden_layer_activation': 'linear', 'learning_rate': 0.001, 'num_epochs': 10.0, 'optimizer': 'NAdam', 'output_layer_activation': 'elu', 'second_layer_dense': 43, 'third_layer_dense': 20}",125,97.79828308901051
0.1968085765838623,"{'batch_size': 32, 'drop_out': 0.42219414223913865, 'first_layer_dense': 114, 'hidden_layer_activation': 'softmax', 'learning_rate': 0.001, 'num_epochs': 12.0, 'optimizer': 'SGD', 'output_layer_activation': 'sigmoid', 'second_layer_dense': 37, 'third_layer_dense': 26}",126,261.354297124024
1.0,"{'batch_size': 64, 'drop_out': 0.10469309405389347, 'first_layer_dense': 78, 'hidden_layer_activation': 'exponential', 'learning_rate': 0.01, 'num_epochs': 18.0, 'optimizer': 'RMSprop', 'output_layer_activation': 'selu', 'second_layer_dense': 48, 'third_layer_dense': 31}",127,234.00114490900887
0.12322854995727539,"{'batch_size': 16, 'drop_out': 0.4974346492933551, 'first_layer_dense': 72, 'hidden_layer_activation': 'elu', 'learning_rate': 0.001, 'num_epochs': 7.0, 'optimizer': 'Adadelta', 'output_layer_activation': 'sigmoid', 'second_layer_dense': 42, 'third_layer_dense': 23}",128,285.0240979209775
0.9999911594395599,"{'batch_size': 128, 'drop_out': 0.3063549647216024, 'first_layer_dense': 55, 'hidden_layer_activation': 'tanh', 'learning_rate': 0.1, 'num_epochs': 9.0, 'optimizer': 'NAdam', 'output_layer_activation': 'linear', 'second_layer_dense': 46, 'third_layer_dense': 29}",129,77.2463203429943
0.026663124561309814,"{'batch_size': 32, 'drop_out': 0.38855255267447397, 'first_layer_dense': 97, 'hidden_layer_activation': 'selu', 'learning_rate': 0.001, 'num_epochs': 17.0, 'optimizer': 'Adamax', 'output_layer_activation': 'sigmoid', 'second_layer_dense': 49, 'third_layer_dense': 25}",130,467.3497077890206
0.16011136770248413,"{'batch_size': 64, 'drop_out': 0.08341984695115179, 'first_layer_dense': 99, 'hidden_layer_activation': 'softplus', 'learning_rate': 0.001, 'num_epochs': 8.0, 'optimizer': 'Adam', 'output_layer_activation': 'softplus', 'second_layer_dense': 41, 'third_layer_dense': 21}",131,126.5807236059918
0.2144719958305359,"{'batch_size': 128, 'drop_out': 0.0025287280482560875, 'first_layer_dense': 130, 'hidden_layer_activation': 'tanh', 'learning_rate': 0.01, 'num_epochs': 11.0, 'optimizer': 'NAdam', 'output_layer_activation': 'relu', 'second_layer_dense': 44, 'third_layer_dense': 28}",132,103.0207116540405
0.029147326946258545,"{'batch_size': 32, 'drop_out': 0.1519811373631511, 'first_layer_dense': 106, 'hidden_layer_activation': 'relu', 'learning_rate': 0.001, 'num_epochs': 14.0, 'optimizer': 'Adam', 'output_layer_activation': 'hard_sigmoid', 'second_layer_dense': 38, 'third_layer_dense': 27}",133,327.7510475119925
0.0223047137260437,"{'batch_size': 64, 'drop_out': 0.021290626681302334, 'first_layer_dense': 121, 'hidden_layer_activation': 'hard_sigmoid', 'learning_rate': 0.001, 'num_epochs': 12.0, 'optimizer': 'NAdam', 'output_layer_activation': 'sigmoid', 'second_layer_dense': 47, 'third_layer_dense': 30}",134,205.1884330799803
0.1968085765838623,"{'batch_size': 16, 'drop_out': 0.13791057531094736, 'first_layer_dense': 62, 'hidden_layer_activation': 'sigmoid', 'learning_rate': 0.1, 'num_epochs': 13.0, 'optimizer': 'SGD', 'output_layer_activation': 'exponential', 'second_layer_dense': 48, 'third_layer_dense': 11}",135,466.7722448069835
0.7148123681545258,"{'batch_size': 128, 'drop_out': 0.09659299373248394, 'first_layer_dense': 95, 'hidden_layer_activation': 'selu', 'learning_rate': 0.001, 'num_epochs': 11.0, 'optimizer': 'Adagrad', 'output_layer_activation': 'tanh', 'second_layer_dense': 45, 'third_layer_dense': 17}",136,113.70040088501992
0.8806082308292389,"{'batch_size': 32, 'drop_out': 0.17956310639135362, 'first_layer_dense': 125, 'hidden_layer_activation': 'tanh', 'learning_rate': 0.001, 'num_epochs': 9.0, 'optimizer': 'RMSprop', 'output_layer_activation': 'softsign', 'second_layer_dense': 50, 'third_layer_dense': 22}",137,200.1730964180315
0.4019537568092346,"{'batch_size': 64, 'drop_out': 0.06218635672276707, 'first_layer_dense': 75, 'hidden_layer_activation': 'linear', 'learning_rate': 0.01, 'num_epochs': 5.0, 'optimizer': 'Adadelta', 'output_layer_activation': 'elu', 'second_layer_dense': 46, 'third_layer_dense': 26}",138,65.20944140496431
0.8031914383172989,"{'batch_size': 128, 'drop_out': 0.04453141810734141, 'first_layer_dense': 113, 'hidden_layer_activation': 'softmax', 'learning_rate': 0.001, 'num_epochs': 6.0, 'optimizer': 'NAdam', 'output_layer_activation': 'softmax', 'second_layer_dense': 42, 'third_layer_dense': 24}",139,61.22670302801998
1.0,"{'batch_size': 32, 'drop_out': 0.001046028951327424, 'first_layer_dense': 91, 'hidden_layer_activation': 'exponential', 'learning_rate': 0.001, 'num_epochs': 15.0, 'optimizer': 'Adam', 'output_layer_activation': 'sigmoid', 'second_layer_dense': 44, 'third_layer_dense': 18}",140,323.90440365998074
0.8815188109874725,"{'batch_size': 64, 'drop_out': 0.03491980035238737, 'first_layer_dense': 82, 'hidden_layer_activation': 'tanh', 'learning_rate': 0.1, 'num_epochs': 10.0, 'optimizer': 'Adamax', 'output_layer_activation': 'selu', 'second_layer_dense': 49, 'third_layer_dense': 23}",141,132.10723562299972
0.019811689853668213,"{'batch_size': 16, 'drop_out': 0.19809301804054805, 'first_layer_dense': 88, 'hidden_layer_activation': 'elu', 'learning_rate': 0.001, 'num_epochs': 8.0, 'optimizer': 'NAdam', 'output_layer_activation': 'sigmoid', 'second_layer_dense': 32, 'third_layer_dense': 25}",142,356.6645312900073
0.9997082615154795,"{'batch_size': 128, 'drop_out': 0.22754950397804063, 'first_layer_dense': 110, 'hidden_layer_activation': 'selu', 'learning_rate': 0.001, 'num_epochs': 7.0, 'optimizer': 'Adam', 'output_layer_activation': 'linear', 'second_layer_dense': 43, 'third_layer_dense': 21}",143,82.02650160901248
0.05174380540847778,"{'batch_size': 32, 'drop_out': 0.12048158501181552, 'first_layer_dense': 85, 'hidden_layer_activation': 'softplus', 'learning_rate': 0.01, 'num_epochs': 12.0, 'optimizer': 'NAdam', 'output_layer_activation': 'sigmoid', 'second_layer_dense': 47, 'third_layer_dense': 29}",144,318.8401284259744
0.19455420970916748,"{'batch_size': 64, 'drop_out': 0.3187741746470581, 'first_layer_dense': 133, 'hidden_layer_activation': 'tanh', 'learning_rate': 0.001, 'num_epochs': 14.0, 'optimizer': 'Adagrad', 'output_layer_activation': 'softplus', 'second_layer_dense': 48, 'third_layer_dense': 30}",145,194.41706779698143
0.020580828189849854,"{'batch_size': 32, 'drop_out': 0.04030156808402842, 'first_layer_dense': 93, 'hidden_layer_activation': 'tanh', 'learning_rate': 0.001, 'num_epochs': 13.0, 'optimizer': 'NAdam', 'output_layer_activation': 'sigmoid', 'second_layer_dense': 50, 'third_layer_dense': 24}",146,320.84727782796836
0.017804861068725586,"{'batch_size': 32, 'drop_out': 0.011832869690799823, 'first_layer_dense': 103, 'hidden_layer_activation': 'tanh', 'learning_rate': 0.001, 'num_epochs': 12.0, 'optimizer': 'NAdam', 'output_layer_activation': 'sigmoid', 'second_layer_dense': 50, 'third_layer_dense': 23}",147,331.49376022297656
0.019360840320587158,"{'batch_size': 32, 'drop_out': 0.013615158242570449, 'first_layer_dense': 102, 'hidden_layer_activation': 'tanh', 'learning_rate': 0.001, 'num_epochs': 11.0, 'optimizer': 'NAdam', 'output_layer_activation': 'sigmoid', 'second_layer_dense': 50, 'third_layer_dense': 20}",148,314.29174798796885
0.01663792133331299,"{'batch_size': 32, 'drop_out': 0.02351299803256158, 'first_layer_dense': 116, 'hidden_layer_activation': 'tanh', 'learning_rate': 0.001, 'num_epochs': 13.0, 'optimizer': 'NAdam', 'output_layer_activation': 'sigmoid', 'second_layer_dense': 49, 'third_layer_dense': 25}",149,328.44911410001805
0.021668195724487305,"{'batch_size': 32, 'drop_out': 0.07832833669924458, 'first_layer_dense': 106, 'hidden_layer_activation': 'tanh', 'learning_rate': 0.001, 'num_epochs': 12.0, 'optimizer': 'NAdam', 'output_layer_activation': 'sigmoid', 'second_layer_dense': 49, 'third_layer_dense': 27}",150,288.7249791059876
0.019564151763916016,"{'batch_size': 32, 'drop_out': 0.019677679722092414, 'first_layer_dense': 116, 'hidden_layer_activation': 'tanh', 'learning_rate': 0.001, 'num_epochs': 11.0, 'optimizer': 'NAdam', 'output_layer_activation': 'sigmoid', 'second_layer_dense': 48, 'third_layer_dense': 23}",151,267.46713516197633
0.022021830081939697,"{'batch_size': 32, 'drop_out': 0.025182370642191403, 'first_layer_dense': 99, 'hidden_layer_activation': 'tanh', 'learning_rate': 0.001, 'num_epochs': 13.0, 'optimizer': 'NAdam', 'output_layer_activation': 'sigmoid', 'second_layer_dense': 50, 'third_layer_dense': 25}",152,327.99573430401506
0.01892763376235962,"{'batch_size': 32, 'drop_out': 0.05633119299798325, 'first_layer_dense': 104, 'hidden_layer_activation': 'softsign', 'learning_rate': 0.001, 'num_epochs': 14.0, 'optimizer': 'NAdam', 'output_layer_activation': 'sigmoid', 'second_layer_dense': 49, 'third_layer_dense': 26}",153,342.7386451140046
0.02561110258102417,"{'batch_size': 32, 'drop_out': 0.010732125545192223, 'first_layer_dense': 119, 'hidden_layer_activation': 'tanh', 'learning_rate': 0.001, 'num_epochs': 16.0, 'optimizer': 'NAdam', 'output_layer_activation': 'relu', 'second_layer_dense': 46, 'third_layer_dense': 28}",154,393.91121171298437
0.03149008750915527,"{'batch_size': 32, 'drop_out': 0.07215358911533112, 'first_layer_dense': 95, 'hidden_layer_activation': 'relu', 'learning_rate': 0.001, 'num_epochs': 12.0, 'optimizer': 'NAdam', 'output_layer_activation': 'hard_sigmoid', 'second_layer_dense': 50, 'third_layer_dense': 27}",155,305.19744183303555
0.1968085765838623,"{'batch_size': 32, 'drop_out': 0.09127873240357604, 'first_layer_dense': 78, 'hidden_layer_activation': 'hard_sigmoid', 'learning_rate': 0.001, 'num_epochs': 10.0, 'optimizer': 'SGD', 'output_layer_activation': 'exponential', 'second_layer_dense': 33, 'third_layer_dense': 26}",156,235.62078518496128
1.0,"{'batch_size': 32, 'drop_out': 0.03190679480845718, 'first_layer_dense': 113, 'hidden_layer_activation': 'sigmoid', 'learning_rate': 0.001, 'num_epochs': 10.0, 'optimizer': 'RMSprop', 'output_layer_activation': 'tanh', 'second_layer_dense': 48, 'third_layer_dense': 22}",157,239.80345215799753
0.05177032947540283,"{'batch_size': 32, 'drop_out': 0.10652428541719494, 'first_layer_dense': 138, 'hidden_layer_activation': 'selu', 'learning_rate': 0.001, 'num_epochs': 11.0, 'optimizer': 'Adadelta', 'output_layer_activation': 'sigmoid', 'second_layer_dense': 47, 'third_layer_dense': 23}",158,333.6920834509656
0.8031914383172989,"{'batch_size': 32, 'drop_out': 0.05022737122902542, 'first_layer_dense': 126, 'hidden_layer_activation': 'tanh', 'learning_rate': 0.001, 'num_epochs': 15.0, 'optimizer': 'NAdam', 'output_layer_activation': 'softmax', 'second_layer_dense': 49, 'third_layer_dense': 25}",159,374.1701716330135
0.9999911594395599,"{'batch_size': 32, 'drop_out': 0.06446273920906558, 'first_layer_dense': 122, 'hidden_layer_activation': 'linear', 'learning_rate': 0.001, 'num_epochs': 12.0, 'optimizer': 'Adam', 'output_layer_activation': 'elu', 'second_layer_dense': 45, 'third_layer_dense': 21}",160,283.1592825060361
0.02957165241241455,"{'batch_size': 32, 'drop_out': 0.0062202756098415635, 'first_layer_dense': 86, 'hidden_layer_activation': 'softmax', 'learning_rate': 0.001, 'num_epochs': 9.0, 'optimizer': 'Adamax', 'output_layer_activation': 'sigmoid', 'second_layer_dense': 50, 'third_layer_dense': 22}",161,164.4781066220021
1.0,"{'batch_size': 32, 'drop_out': 0.08298576707485322, 'first_layer_dense': 117, 'hidden_layer_activation': 'exponential', 'learning_rate': 0.1, 'num_epochs': 13.0, 'optimizer': 'NAdam', 'output_layer_activation': 'softsign', 'second_layer_dense': 36, 'third_layer_dense': 28}",162,263.8081359009957
0.7613048702478409,"{'batch_size': 32, 'drop_out': 0.00034430681514327315, 'first_layer_dense': 108, 'hidden_layer_activation': 'tanh', 'learning_rate': 0.001, 'num_epochs': 9.0, 'optimizer': 'Adam', 'output_layer_activation': 'selu', 'second_layer_dense': 49, 'third_layer_dense': 26}",163,175.07231850200333
0.020510077476501465,"{'batch_size': 32, 'drop_out': 0.1308949200496277, 'first_layer_dense': 82, 'hidden_layer_activation': 'elu', 'learning_rate': 0.001, 'num_epochs': 11.0, 'optimizer': 'NAdam', 'output_layer_activation': 'sigmoid', 'second_layer_dense': 46, 'third_layer_dense': 19}",164,208.82665625301888
0.9518277868628502,"{'batch_size': 32, 'drop_out': 0.11996304142620556, 'first_layer_dense': 90, 'hidden_layer_activation': 'selu', 'learning_rate': 0.01, 'num_epochs': 14.0, 'optimizer': 'Adagrad', 'output_layer_activation': 'linear', 'second_layer_dense': 35, 'third_layer_dense': 25}",165,285.57672648498556
0.03019934892654419,"{'batch_size': 32, 'drop_out': 0.44363802157629145, 'first_layer_dense': 97, 'hidden_layer_activation': 'softplus', 'learning_rate': 0.001, 'num_epochs': 13.0, 'optimizer': 'NAdam', 'output_layer_activation': 'sigmoid', 'second_layer_dense': 47, 'third_layer_dense': 31}",166,270.4794402209809
0.11805683374404907,"{'batch_size': 32, 'drop_out': 0.025193904867427494, 'first_layer_dense': 111, 'hidden_layer_activation': 'softsign', 'learning_rate': 0.001, 'num_epochs': 12.0, 'optimizer': 'SGD', 'output_layer_activation': 'softplus', 'second_layer_dense': 48, 'third_layer_dense': 24}",167,224.31152652105084
0.19746273756027222,"{'batch_size': 32, 'drop_out': 0.09948589985832593, 'first_layer_dense': 142, 'hidden_layer_activation': 'tanh', 'learning_rate': 0.1, 'num_epochs': 10.0, 'optimizer': 'RMSprop', 'output_layer_activation': 'relu', 'second_layer_dense': 44, 'third_layer_dense': 27}",168,191.94548669399228
0.045926690101623535,"{'batch_size': 32, 'drop_out': 0.041873123286479186, 'first_layer_dense': 101, 'hidden_layer_activation': 'relu', 'learning_rate': 0.001, 'num_epochs': 14.0, 'optimizer': 'Adadelta', 'output_layer_activation': 'sigmoid', 'second_layer_dense': 48, 'third_layer_dense': 29}",169,259.96485309000127
0.11159437894821167,"{'batch_size': 128, 'drop_out': 0.14159890836831224, 'first_layer_dense': 129, 'hidden_layer_activation': 'hard_sigmoid', 'learning_rate': 0.001, 'num_epochs': 15.0, 'optimizer': 'Adam', 'output_layer_activation': 'exponential', 'second_layer_dense': 45, 'third_layer_dense': 28}",170,128.59462812903803
0.023904860019683838,"{'batch_size': 32, 'drop_out': 0.0005626255684947276, 'first_layer_dense': 104, 'hidden_layer_activation': 'tanh', 'learning_rate': 0.001, 'num_epochs': 12.0, 'optimizer': 'Adamax', 'output_layer_activation': 'hard_sigmoid', 'second_layer_dense': 49, 'third_layer_dense': 20}",171,220.92580897698645
1.0,"{'batch_size': 16, 'drop_out': 0.0691980318940936, 'first_layer_dense': 135, 'hidden_layer_activation': 'selu', 'learning_rate': 0.01, 'num_epochs': 11.0, 'optimizer': 'NAdam', 'output_layer_activation': 'tanh', 'second_layer_dense': 47, 'third_layer_dense': 23}",172,466.54162926296704
0.026636600494384766,"{'batch_size': 128, 'drop_out': 0.1693568436378003, 'first_layer_dense': 115, 'hidden_layer_activation': 'sigmoid', 'learning_rate': 0.001, 'num_epochs': 13.0, 'optimizer': 'NAdam', 'output_layer_activation': 'sigmoid', 'second_layer_dense': 46, 'third_layer_dense': 32}",173,101.10870636196341
0.8031914383172989,"{'batch_size': 32, 'drop_out': 0.05042634899763852, 'first_layer_dense': 73, 'hidden_layer_activation': 'linear', 'learning_rate': 0.001, 'num_epochs': 8.0, 'optimizer': 'Adam', 'output_layer_activation': 'softmax', 'second_layer_dense': 40, 'third_layer_dense': 22}",174,145.9208279820159
1.0,"{'batch_size': 32, 'drop_out': 0.012382200437173366, 'first_layer_dense': 119, 'hidden_layer_activation': 'tanh', 'learning_rate': 0.1, 'num_epochs': 10.0, 'optimizer': 'NAdam', 'output_layer_activation': 'softsign', 'second_layer_dense': 50, 'third_layer_dense': 24}",175,193.09666939498857
0.1968085765838623,"{'batch_size': 128, 'drop_out': 0.033451474194036206, 'first_layer_dense': 124, 'hidden_layer_activation': 'softmax', 'learning_rate': 0.001, 'num_epochs': 11.0, 'optimizer': 'Adagrad', 'output_layer_activation': 'elu', 'second_layer_dense': 44, 'third_layer_dense': 26}",176,94.45206863200292
1.0,"{'batch_size': 32, 'drop_out': 0.0868724733067302, 'first_layer_dense': 68, 'hidden_layer_activation': 'exponential', 'learning_rate': 0.001, 'num_epochs': 15.0, 'optimizer': 'SGD', 'output_layer_activation': 'sigmoid', 'second_layer_dense': 41, 'third_layer_dense': 27}",177,283.6090792050236
1.0,"{'batch_size': 32, 'drop_out': 0.3341607517958141, 'first_layer_dense': 93, 'hidden_layer_activation': 'selu', 'learning_rate': 0.01, 'num_epochs': 16.0, 'optimizer': 'NAdam', 'output_layer_activation': 'selu', 'second_layer_dense': 48, 'third_layer_dense': 18}",178,435.09481045999564
0.020244896411895752,"{'batch_size': 16, 'drop_out': 0.05699081071370068, 'first_layer_dense': 106, 'hidden_layer_activation': 'elu', 'learning_rate': 0.001, 'num_epochs': 14.0, 'optimizer': 'RMSprop', 'output_layer_activation': 'sigmoid', 'second_layer_dense': 45, 'third_layer_dense': 25}",179,460.6312825899804
0.39347565174102783,"{'batch_size': 128, 'drop_out': 0.35450481465333683, 'first_layer_dense': 88, 'hidden_layer_activation': 'tanh', 'learning_rate': 0.001, 'num_epochs': 9.0, 'optimizer': 'Adadelta', 'output_layer_activation': 'linear', 'second_layer_dense': 38, 'third_layer_dense': 21}",180,65.97602252603974
0.023020803928375244,"{'batch_size': 32, 'drop_out': 0.15175926102978515, 'first_layer_dense': 96, 'hidden_layer_activation': 'softplus', 'learning_rate': 0.001, 'num_epochs': 13.0, 'optimizer': 'Adam', 'output_layer_activation': 'sigmoid', 'second_layer_dense': 49, 'third_layer_dense': 24}",181,260.6816021540435
0.17912745475769043,"{'batch_size': 32, 'drop_out': 0.24445410678578405, 'first_layer_dense': 79, 'hidden_layer_activation': 'softsign', 'learning_rate': 0.1, 'num_epochs': 12.0, 'optimizer': 'Adamax', 'output_layer_activation': 'softplus', 'second_layer_dense': 43, 'third_layer_dense': 23}",182,253.53409197501605
0.03109222650527954,"{'batch_size': 128, 'drop_out': 0.10878259390559214, 'first_layer_dense': 147, 'hidden_layer_activation': 'tanh', 'learning_rate': 0.001, 'num_epochs': 10.0, 'optimizer': 'NAdam', 'output_layer_activation': 'relu', 'second_layer_dense': 46, 'third_layer_dense': 29}",183,95.92145475401776
0.01877737045288086,"{'batch_size': 32, 'drop_out': 0.022632502309350218, 'first_layer_dense': 84, 'hidden_layer_activation': 'relu', 'learning_rate': 0.001, 'num_epochs': 9.0, 'optimizer': 'NAdam', 'output_layer_activation': 'sigmoid', 'second_layer_dense': 42, 'third_layer_dense': 30}",184,208.1013204830233
0.03211778402328491,"{'batch_size': 16, 'drop_out': 0.0003082404701019222, 'first_layer_dense': 99, 'hidden_layer_activation': 'hard_sigmoid', 'learning_rate': 0.01, 'num_epochs': 7.0, 'optimizer': 'Adam', 'output_layer_activation': 'hard_sigmoid', 'second_layer_dense': 34, 'third_layer_dense': 28}",185,340.70223361602984
0.020757615566253662,"{'batch_size': 128, 'drop_out': 0.161647224689713, 'first_layer_dense': 113, 'hidden_layer_activation': 'selu', 'learning_rate': 0.001, 'num_epochs': 11.0, 'optimizer': 'NAdam', 'output_layer_activation': 'sigmoid', 'second_layer_dense': 50, 'third_layer_dense': 26}",186,124.48235377605306
0.1837952733039856,"{'batch_size': 32, 'drop_out': 0.07360615942879331, 'first_layer_dense': 103, 'hidden_layer_activation': 'tanh', 'learning_rate': 0.001, 'num_epochs': 13.0, 'optimizer': 'Adagrad', 'output_layer_activation': 'exponential', 'second_layer_dense': 47, 'third_layer_dense': 22}",187,254.80082821898395
0.1968085765838623,"{'batch_size': 32, 'drop_out': 0.21249485445943317, 'first_layer_dense': 70, 'hidden_layer_activation': 'sigmoid', 'learning_rate': 0.001, 'num_epochs': 17.0, 'optimizer': 'SGD', 'output_layer_activation': 'tanh', 'second_layer_dense': 39, 'third_layer_dense': 25}",188,343.7950170150143
0.8031914383172989,"{'batch_size': 128, 'drop_out': 0.04164097717190772, 'first_layer_dense': 109, 'hidden_layer_activation': 'tanh', 'learning_rate': 0.1, 'num_epochs': 12.0, 'optimizer': 'NAdam', 'output_layer_activation': 'softmax', 'second_layer_dense': 49, 'third_layer_dense': 27}",189,92.19491614901926
0.8016178160905838,"{'batch_size': 32, 'drop_out': 0.11636468189598165, 'first_layer_dense': 121, 'hidden_layer_activation': 'linear', 'learning_rate': 0.001, 'num_epochs': 8.0, 'optimizer': 'RMSprop', 'output_layer_activation': 'softsign', 'second_layer_dense': 44, 'third_layer_dense': 24}",190,138.6066004409804
0.1968085765838623,"{'batch_size': 32, 'drop_out': 0.08061278976788677, 'first_layer_dense': 64, 'hidden_layer_activation': 'softmax', 'learning_rate': 0.001, 'num_epochs': 15.0, 'optimizer': 'Adam', 'output_layer_activation': 'elu', 'second_layer_dense': 50, 'third_layer_dense': 20}",191,303.3630267980043
1.0,"{'batch_size': 16, 'drop_out': 0.06084302891547694, 'first_layer_dense': 58, 'hidden_layer_activation': 'exponential', 'learning_rate': 0.01, 'num_epochs': 10.0, 'optimizer': 'Adadelta', 'output_layer_activation': 'sigmoid', 'second_layer_dense': 47, 'third_layer_dense': 19}",192,340.5448508459958
0.9999911594395599,"{'batch_size': 128, 'drop_out': 0.09439486070075986, 'first_layer_dense': 92, 'hidden_layer_activation': 'selu', 'learning_rate': 0.001, 'num_epochs': 11.0, 'optimizer': 'NAdam', 'output_layer_activation': 'selu', 'second_layer_dense': 46, 'third_layer_dense': 31}",193,109.48564272199292
0.019997358322143555,"{'batch_size': 32, 'drop_out': 0.015725865339881268, 'first_layer_dense': 131, 'hidden_layer_activation': 'tanh', 'learning_rate': 0.001, 'num_epochs': 14.0, 'optimizer': 'Adamax', 'output_layer_activation': 'sigmoid', 'second_layer_dense': 48, 'third_layer_dense': 16}",194,250.7277494420414
0.026831090450286865,"{'batch_size': 32, 'drop_out': 0.2958556652837221, 'first_layer_dense': 107, 'hidden_layer_activation': 'elu', 'learning_rate': 0.001, 'num_epochs': 9.0, 'optimizer': 'NAdam', 'output_layer_activation': 'sigmoid', 'second_layer_dense': 45, 'third_layer_dense': 23}",195,189.20215903699864
1.0,"{'batch_size': 128, 'drop_out': 0.03347795805537197, 'first_layer_dense': 99, 'hidden_layer_activation': 'softplus', 'learning_rate': 0.1, 'num_epochs': 16.0, 'optimizer': 'Adam', 'output_layer_activation': 'linear', 'second_layer_dense': 43, 'third_layer_dense': 13}",196,139.06200058502145
0.021827340126037598,"{'batch_size': 32, 'drop_out': 0.0475483326776896, 'first_layer_dense': 86, 'hidden_layer_activation': 'tanh', 'learning_rate': 0.001, 'num_epochs': 13.0, 'optimizer': 'NAdam', 'output_layer_activation': 'relu', 'second_layer_dense': 31, 'third_layer_dense': 25}",197,265.8935926799895
0.10232949256896973,"{'batch_size': 32, 'drop_out': 0.0007055305643960327, 'first_layer_dense': 51, 'hidden_layer_activation': 'softsign', 'learning_rate': 0.001, 'num_epochs': 12.0, 'optimizer': 'Adagrad', 'output_layer_activation': 'softplus', 'second_layer_dense': 47, 'third_layer_dense': 26}",198,192.5751191129675
0.03543299436569214,"{'batch_size': 16, 'drop_out': 0.10292199872594421, 'first_layer_dense': 44, 'hidden_layer_activation': 'relu', 'learning_rate': 0.01, 'num_epochs': 14.0, 'optimizer': 'NAdam', 'output_layer_activation': 'sigmoid', 'second_layer_dense': 41, 'third_layer_dense': 21}",199,473.231350490998
0.15597403049468994,"{'batch_size': 128, 'drop_out': 0.4765341977910714, 'first_layer_dense': 126, 'hidden_layer_activation': 'tanh', 'learning_rate': 0.001, 'num_epochs': 10.0, 'optimizer': 'Adam', 'output_layer_activation': 'exponential', 'second_layer_dense': 49, 'third_layer_dense': 28}",200,82.22531217796495
