loss,distance,FGSM,BIM-A,BIM-B,deepfool,params
0.008879005908966064,0.0,0.26526081562042236,0.16537180542945862,0.32297447323799133,0.6614872217178345,"{'batch_size': 16, 'drop_out': 0.30055770413828964, 'first_layer_dense': 94, 'hidden_layer_activation': 'softsign', 'learning_rate': 0.1, 'num_epochs': 17.0, 'optimizer': 'Adamax', 'output_layer_activation': 'sigmoid', 'second_layer_dense': 32, 'third_layer_dense': 15}"
0.008879005908966064,0.089307554,0.41065484285354614,0.3451720178127289,0.40732520818710327,0.6692563891410828,"{'batch_size': 16, 'drop_out': 0.1584343747554585, 'first_layer_dense': 129, 'hidden_layer_activation': 'softsign', 'learning_rate': 0.1, 'num_epochs': 13.0, 'optimizer': 'Adamax', 'output_layer_activation': 'sigmoid', 'second_layer_dense': 31, 'third_layer_dense': 15}"
0.009988903999328613,0.2293466,0.4328523874282837,0.36182019114494324,0.4139844477176666,0.6637070178985596,"{'batch_size': 16, 'drop_out': 0.35174689185647834, 'first_layer_dense': 58, 'hidden_layer_activation': 'softplus', 'learning_rate': 0.1, 'num_epochs': 20.0, 'optimizer': 'Adamax', 'output_layer_activation': 'sigmoid', 'second_layer_dense': 44, 'third_layer_dense': 17}"
0.009988903999328613,0.24835394,0.4295227527618408,0.3385127782821655,0.41287457942962646,0.6614872217178345,"{'batch_size': 16, 'drop_out': 0.22104779823139298, 'first_layer_dense': 72, 'hidden_layer_activation': 'tanh', 'learning_rate': 0.1, 'num_epochs': 17.0, 'optimizer': 'SGD', 'output_layer_activation': 'sigmoid', 'second_layer_dense': 31, 'third_layer_dense': 13}"
0.011098802089691162,0.042665776,0.26082131266593933,0.19311875104904175,0.33074361085891724,0.6614872217178345,"{'batch_size': 16, 'drop_out': 0.24527974935217053, 'first_layer_dense': 109, 'hidden_layer_activation': 'softsign', 'learning_rate': 0.1, 'num_epochs': 17.0, 'optimizer': 'Adamax', 'output_layer_activation': 'sigmoid', 'second_layer_dense': 30, 'third_layer_dense': 13}"
0.011098802089691162,0.20485954,0.34628191590309143,0.2508324086666107,0.3651498258113861,0.677025556564331,"{'batch_size': 64, 'drop_out': 0.13261338597537156, 'first_layer_dense': 60, 'hidden_layer_activation': 'softsign', 'learning_rate': 0.1, 'num_epochs': 12.0, 'optimizer': 'Adamax', 'output_layer_activation': 'sigmoid', 'second_layer_dense': 33, 'third_layer_dense': 14}"
0.012208640575408936,0.26487347,0.2619311809539795,0.18756936490535736,0.3207547068595886,0.6781353950500488,"{'batch_size': 32, 'drop_out': 0.10040290966607682, 'first_layer_dense': 67, 'hidden_layer_activation': 'softsign', 'learning_rate': 0.1, 'num_epochs': 14.0, 'optimizer': 'Adamax', 'output_layer_activation': 'sigmoid', 'second_layer_dense': 33, 'third_layer_dense': 32}"
0.012208640575408936,0.15621461,0.29189789295196533,0.24750277400016785,0.3551609218120575,0.7635959982872009,"{'batch_size': 16, 'drop_out': 0.3153171100257657, 'first_layer_dense': 61, 'hidden_layer_activation': 'softsign', 'learning_rate': 0.1, 'num_epochs': 13.0, 'optimizer': 'Adamax', 'output_layer_activation': 'sigmoid', 'second_layer_dense': 50, 'third_layer_dense': 17}"
0.012208640575408936,0.3780985,0.48057714104652405,0.44728079438209534,0.461709201335907,0.6437292098999023,"{'batch_size': 128, 'drop_out': 0.1429158032714984, 'first_layer_dense': 66, 'hidden_layer_activation': 'tanh', 'learning_rate': 0.1, 'num_epochs': 17.0, 'optimizer': 'SGD', 'output_layer_activation': 'sigmoid', 'second_layer_dense': 31, 'third_layer_dense': 11}"
0.012208640575408936,0.075614326,0.39733630418777466,0.3296337425708771,0.4039955735206604,0.7569367289543152,"{'batch_size': 16, 'drop_out': 0.3145896947330671, 'first_layer_dense': 113, 'hidden_layer_activation': 'softsign', 'learning_rate': 0.1, 'num_epochs': 12.0, 'optimizer': 'Adamax', 'output_layer_activation': 'sigmoid', 'second_layer_dense': 30, 'third_layer_dense': 18}"
0.012208640575408936,0.035384305,0.36958935856819153,0.2541620433330536,0.3651498258113861,0.6803551316261292,"{'batch_size': 16, 'drop_out': 0.24456712680287457, 'first_layer_dense': 93, 'hidden_layer_activation': 'softsign', 'learning_rate': 0.1, 'num_epochs': 15.0, 'optimizer': 'Adamax', 'output_layer_activation': 'sigmoid', 'second_layer_dense': 30, 'third_layer_dense': 15}"
0.012208640575408936,0.2027826,0.2852386236190796,0.18756936490535736,0.32741397619247437,0.662597119808197,"{'batch_size': 16, 'drop_out': 0.23448720030701434, 'first_layer_dense': 48, 'hidden_layer_activation': 'softsign', 'learning_rate': 0.01, 'num_epochs': 10.0, 'optimizer': 'Adamax', 'output_layer_activation': 'sigmoid', 'second_layer_dense': 32, 'third_layer_dense': 16}"
0.012208640575408936,0.3410278,0.38734740018844604,0.28079912066459656,0.36182019114494324,0.662597119808197,"{'batch_size': 16, 'drop_out': 0.09123815165207783, 'first_layer_dense': 116, 'hidden_layer_activation': 'softsign', 'learning_rate': 0.001, 'num_epochs': 10.0, 'optimizer': 'Adamax', 'output_layer_activation': 'hard_sigmoid', 'second_layer_dense': 37, 'third_layer_dense': 17}"
0.012208640575408936,0.05402876,0.22863484919071198,0.1942286342382431,0.32519423961639404,0.6870144009590149,"{'batch_size': 16, 'drop_out': 0.23053598529018426, 'first_layer_dense': 106, 'hidden_layer_activation': 'softsign', 'learning_rate': 0.1, 'num_epochs': 14.0, 'optimizer': 'Adamax', 'output_layer_activation': 'sigmoid', 'second_layer_dense': 30, 'third_layer_dense': 15}"
0.012208640575408936,0.061294213,0.2674805819988251,0.18978911638259888,0.3140954375267029,0.6648168563842773,"{'batch_size': 16, 'drop_out': 0.2872915844745733, 'first_layer_dense': 112, 'hidden_layer_activation': 'softsign', 'learning_rate': 0.1, 'num_epochs': 14.0, 'optimizer': 'Adamax', 'output_layer_activation': 'sigmoid', 'second_layer_dense': 30, 'third_layer_dense': 18}"
0.012208640575408936,0.23313127,0.4483906626701355,0.4139844477176666,0.4461709260940552,0.6614872217178345,"{'batch_size': 16, 'drop_out': 0.2785004138990671, 'first_layer_dense': 85, 'hidden_layer_activation': 'selu', 'learning_rate': 0.1, 'num_epochs': 16.0, 'optimizer': 'SGD', 'output_layer_activation': 'sigmoid', 'second_layer_dense': 34, 'third_layer_dense': 14}"
0.013318538665771484,0.1947501,0.47280800342559814,0.44173142313957214,0.45948946475982666,0.662597119808197,"{'batch_size': 16, 'drop_out': 0.44564614165819555, 'first_layer_dense': 121, 'hidden_layer_activation': 'softsign', 'learning_rate': 0.1, 'num_epochs': 14.0, 'optimizer': 'SGD', 'output_layer_activation': 'sigmoid', 'second_layer_dense': 31, 'third_layer_dense': 19}"
0.013318538665771484,0.059076756,0.40843507647514343,0.29633739590644836,0.38179799914360046,0.6648168563842773,"{'batch_size': 16, 'drop_out': 0.2779406358565614, 'first_layer_dense': 50, 'hidden_layer_activation': 'softsign', 'learning_rate': 0.1, 'num_epochs': 15.0, 'optimizer': 'Adamax', 'output_layer_activation': 'sigmoid', 'second_layer_dense': 32, 'third_layer_dense': 16}"
0.013318538665771484,0.14271419,0.22419533133506775,0.16759157180786133,0.3029966652393341,0.6614872217178345,"{'batch_size': 64, 'drop_out': 0.30389558555417256, 'first_layer_dense': 73, 'hidden_layer_activation': 'softsign', 'learning_rate': 0.1, 'num_epochs': 14.0, 'optimizer': 'Adamax', 'output_layer_activation': 'sigmoid', 'second_layer_dense': 32, 'third_layer_dense': 16}"
0.013318538665771484,0.031903684,0.30410653352737427,0.23640400171279907,0.3529411852359772,0.6681464910507202,"{'batch_size': 16, 'drop_out': 0.29710590728289954, 'first_layer_dense': 98, 'hidden_layer_activation': 'softsign', 'learning_rate': 0.1, 'num_epochs': 15.0, 'optimizer': 'Adamax', 'output_layer_activation': 'sigmoid', 'second_layer_dense': 30, 'third_layer_dense': 16}"
0.013318538665771484,0.3442559,0.47502774000167847,0.5094339847564697,0.5105438232421875,0.6825749278068542,"{'batch_size': 32, 'drop_out': 0.13902958288695888, 'first_layer_dense': 95, 'hidden_layer_activation': 'selu', 'learning_rate': 0.1, 'num_epochs': 12.0, 'optimizer': 'Adamax', 'output_layer_activation': 'sigmoid', 'second_layer_dense': 33, 'third_layer_dense': 31}"
0.013318538665771484,0.2714768,0.4605993330478668,0.4228634834289551,0.45504993200302124,0.6614872217178345,"{'batch_size': 32, 'drop_out': 0.3461198992328765, 'first_layer_dense': 55, 'hidden_layer_activation': 'sigmoid', 'learning_rate': 0.1, 'num_epochs': 16.0, 'optimizer': 'Adamax', 'output_layer_activation': 'sigmoid', 'second_layer_dense': 33, 'third_layer_dense': 19}"
0.013318538665771484,0.06825474,0.2930077612400055,0.2075471729040146,0.3451720178127289,0.6825749278068542,"{'batch_size': 16, 'drop_out': 0.19885526100035616, 'first_layer_dense': 116, 'hidden_layer_activation': 'softsign', 'learning_rate': 0.1, 'num_epochs': 14.0, 'optimizer': 'Adamax', 'output_layer_activation': 'sigmoid', 'second_layer_dense': 31, 'third_layer_dense': 16}"
0.013318538665771484,0.13024749,0.36625972390174866,0.26304107904434204,0.3651498258113861,0.6614872217178345,"{'batch_size': 16, 'drop_out': 0.32561504174551076, 'first_layer_dense': 103, 'hidden_layer_activation': 'softsign', 'learning_rate': 0.1, 'num_epochs': 14.0, 'optimizer': 'Adamax', 'output_layer_activation': 'sigmoid', 'second_layer_dense': 47, 'third_layer_dense': 20}"
0.013318538665771484,0.57060474,0.4894561469554901,0.5038845539093018,0.49611541628837585,0.6448390483856201,"{'batch_size': 32, 'drop_out': 0.3255074481044679, 'first_layer_dense': 48, 'hidden_layer_activation': 'softmax', 'learning_rate': 0.1, 'num_epochs': 17.0, 'optimizer': 'Adagrad', 'output_layer_activation': 'relu', 'second_layer_dense': 42, 'third_layer_dense': 32}"
0.013318538665771484,0.18681623,0.4994450509548187,0.38956713676452637,0.45172029733657837,0.6759156584739685,"{'batch_size': 64, 'drop_out': 0.19128825592342324, 'first_layer_dense': 117, 'hidden_layer_activation': 'softsign', 'learning_rate': 0.1, 'num_epochs': 13.0, 'optimizer': 'Adamax', 'output_layer_activation': 'sigmoid', 'second_layer_dense': 30, 'third_layer_dense': 17}"
0.013318538665771484,0.21816085,0.48612651228904724,0.4872364103794098,0.4839067757129669,0.6248612403869629,"{'batch_size': 16, 'drop_out': 0.37267560489213414, 'first_layer_dense': 59, 'hidden_layer_activation': 'softplus', 'learning_rate': 0.1, 'num_epochs': 20.0, 'optimizer': 'Adamax', 'output_layer_activation': 'sigmoid', 'second_layer_dense': 42, 'third_layer_dense': 14}"
0.013318538665771484,0.38482317,0.4839067757129669,0.4694783687591553,0.4694783687591553,0.6448390483856201,"{'batch_size': 128, 'drop_out': 0.1467857004569374, 'first_layer_dense': 65, 'hidden_layer_activation': 'tanh', 'learning_rate': 0.1, 'num_epochs': 18.0, 'optimizer': 'SGD', 'output_layer_activation': 'sigmoid', 'second_layer_dense': 31, 'third_layer_dense': 11}"
0.013318538665771484,0.13682762,0.48279687762260437,0.5138734579086304,0.5049944519996643,0.7769145369529724,"{'batch_size': 16, 'drop_out': 0.3350145314367382, 'first_layer_dense': 113, 'hidden_layer_activation': 'softmax', 'learning_rate': 0.1, 'num_epochs': 17.0, 'optimizer': 'Adamax', 'output_layer_activation': 'sigmoid', 'second_layer_dense': 33, 'third_layer_dense': 17}"
0.013318538665771484,0.3900772,0.4794672727584839,0.4528301954269409,0.4639289677143097,0.653718113899231,"{'batch_size': 128, 'drop_out': 0.1723648246569594, 'first_layer_dense': 66, 'hidden_layer_activation': 'tanh', 'learning_rate': 0.1, 'num_epochs': 19.0, 'optimizer': 'SGD', 'output_layer_activation': 'sigmoid', 'second_layer_dense': 31, 'third_layer_dense': 10}"
0.013318538665771484,0.38438728,0.48057714104652405,0.461709201335907,0.4661487340927124,0.6581575870513916,"{'batch_size': 128, 'drop_out': 0.14480200658702233, 'first_layer_dense': 66, 'hidden_layer_activation': 'tanh', 'learning_rate': 0.1, 'num_epochs': 18.0, 'optimizer': 'SGD', 'output_layer_activation': 'sigmoid', 'second_layer_dense': 33, 'third_layer_dense': 11}"
0.013318538665771484,0.0890345,0.31964483857154846,0.24306325614452362,0.3596004545688629,0.6614872217178345,"{'batch_size': 16, 'drop_out': 0.22672605335243695, 'first_layer_dense': 92, 'hidden_layer_activation': 'softsign', 'learning_rate': 0.1, 'num_epochs': 13.0, 'optimizer': 'Adamax', 'output_layer_activation': 'sigmoid', 'second_layer_dense': 33, 'third_layer_dense': 24}"
0.013318538665771484,0.27524805,0.4716981053352356,0.41065484285354614,0.44950056076049805,0.6492785811424255,"{'batch_size': 16, 'drop_out': 0.2006280741006094, 'first_layer_dense': 75, 'hidden_layer_activation': 'tanh', 'learning_rate': 0.1, 'num_epochs': 18.0, 'optimizer': 'SGD', 'output_layer_activation': 'sigmoid', 'second_layer_dense': 34, 'third_layer_dense': 10}"
0.013318538665771484,0.40661705,0.4661487340927124,0.45172029733657837,0.476137638092041,0.68923419713974,"{'batch_size': 32, 'drop_out': 0.12724438697387772, 'first_layer_dense': 33, 'hidden_layer_activation': 'selu', 'learning_rate': 0.1, 'num_epochs': 12.0, 'optimizer': 'Adamax', 'output_layer_activation': 'sigmoid', 'second_layer_dense': 35, 'third_layer_dense': 31}"
0.014428436756134031,0.046975948,0.2930077612400055,0.19755826890468597,0.3318535089492798,0.6614872217178345,"{'batch_size': 16, 'drop_out': 0.2532604314989266, 'first_layer_dense': 111, 'hidden_layer_activation': 'softsign', 'learning_rate': 0.1, 'num_epochs': 15.0, 'optimizer': 'Adamax', 'output_layer_activation': 'sigmoid', 'second_layer_dense': 30, 'third_layer_dense': 15}"
0.014428436756134031,0.086974,0.30743616819381714,0.23418423533439636,0.3396226465702057,0.7413984537124634,"{'batch_size': 16, 'drop_out': 0.31683871181072715, 'first_layer_dense': 77, 'hidden_layer_activation': 'softsign', 'learning_rate': 0.1, 'num_epochs': 8.0, 'optimizer': 'Adamax', 'output_layer_activation': 'sigmoid', 'second_layer_dense': 31, 'third_layer_dense': 16}"
0.014428436756134031,0.081940785,0.41287457942962646,0.35849055647850037,0.40843507647514343,0.6903440356254578,"{'batch_size': 16, 'drop_out': 0.31629478758531665, 'first_layer_dense': 92, 'hidden_layer_activation': 'softsign', 'learning_rate': 0.1, 'num_epochs': 13.0, 'optimizer': 'Adamax', 'output_layer_activation': 'sigmoid', 'second_layer_dense': 33, 'third_layer_dense': 25}"
0.014428436756134031,0.22662492,0.3385127782821655,0.2563818097114563,0.3573806881904602,0.6637070178985596,"{'batch_size': 32, 'drop_out': 0.10754232034783005, 'first_layer_dense': 67, 'hidden_layer_activation': 'softsign', 'learning_rate': 0.1, 'num_epochs': 14.0, 'optimizer': 'Adamax', 'output_layer_activation': 'sigmoid', 'second_layer_dense': 32, 'third_layer_dense': 25}"
0.014428436756134031,0.09184264,0.35627081990242004,0.2952275276184082,0.3840177655220032,0.7347391843795776,"{'batch_size': 16, 'drop_out': 0.2304818577094856, 'first_layer_dense': 135, 'hidden_layer_activation': 'softsign', 'learning_rate': 0.1, 'num_epochs': 14.0, 'optimizer': 'Adamax', 'output_layer_activation': 'sigmoid', 'second_layer_dense': 30, 'third_layer_dense': 18}"
0.014428436756134031,0.43746233,0.43618202209472656,0.44728079438209534,0.4772475063800812,0.8557158708572388,"{'batch_size': 16, 'drop_out': 0.2360857920294831, 'first_layer_dense': 38, 'hidden_layer_activation': 'relu', 'learning_rate': 0.01, 'num_epochs': 6.0, 'optimizer': 'Adam', 'output_layer_activation': 'sigmoid', 'second_layer_dense': 32, 'third_layer_dense': 14}"
0.014428436756134031,0.24679272,0.45172029733657837,0.43396225571632385,0.45948946475982666,0.662597119808197,"{'batch_size': 16, 'drop_out': 0.2787533619301203, 'first_layer_dense': 80, 'hidden_layer_activation': 'relu', 'learning_rate': 0.1, 'num_epochs': 16.0, 'optimizer': 'SGD', 'output_layer_activation': 'sigmoid', 'second_layer_dense': 35, 'third_layer_dense': 13}"
0.014428436756134031,0.21398196,0.3651498258113861,0.2541620433330536,0.3573806881904602,0.662597119808197,"{'batch_size': 16, 'drop_out': 0.18501606169283746, 'first_layer_dense': 41, 'hidden_layer_activation': 'softsign', 'learning_rate': 0.01, 'num_epochs': 10.0, 'optimizer': 'Adamax', 'output_layer_activation': 'sigmoid', 'second_layer_dense': 32, 'third_layer_dense': 15}"
0.014428436756134031,0.48437107,0.4816870093345642,0.4716981053352356,0.47502774000167847,0.662597119808197,"{'batch_size': 32, 'drop_out': 0.15131101416049836, 'first_layer_dense': 69, 'hidden_layer_activation': 'tanh', 'learning_rate': 0.01, 'num_epochs': 20.0, 'optimizer': 'SGD', 'output_layer_activation': 'sigmoid', 'second_layer_dense': 32, 'third_layer_dense': 12}"
0.014428436756134031,0.2387157,0.47835737466812134,0.4583795666694641,0.4694783687591553,0.6403995752334595,"{'batch_size': 16, 'drop_out': 0.21130151498921723, 'first_layer_dense': 91, 'hidden_layer_activation': 'softplus', 'learning_rate': 0.01, 'num_epochs': 15.0, 'optimizer': 'Adamax', 'output_layer_activation': 'sigmoid', 'second_layer_dense': 31, 'third_layer_dense': 15}"
0.014428436756134031,0.23292534,0.3263041079044342,0.24750277400016785,0.3529411852359772,0.662597119808197,"{'batch_size': 64, 'drop_out': 0.0984046369065287, 'first_layer_dense': 52, 'hidden_layer_activation': 'softsign', 'learning_rate': 0.1, 'num_epochs': 12.0, 'optimizer': 'Adamax', 'output_layer_activation': 'sigmoid', 'second_layer_dense': 35, 'third_layer_dense': 13}"
0.014428436756134031,0.34760806,0.4483906626701355,0.39511653780937195,0.4328523874282837,0.6648168563842773,"{'batch_size': 64, 'drop_out': 0.17069842016039677, 'first_layer_dense': 85, 'hidden_layer_activation': 'selu', 'learning_rate': 0.1, 'num_epochs': 17.0, 'optimizer': 'SGD', 'output_layer_activation': 'sigmoid', 'second_layer_dense': 33, 'third_layer_dense': 13}"
0.014428436756134031,0.08076156,0.34850165247917175,0.2486126571893692,0.3629300892353058,0.7358490824699402,"{'batch_size': 16, 'drop_out': 0.3981347714311592, 'first_layer_dense': 126, 'hidden_layer_activation': 'softsign', 'learning_rate': 0.1, 'num_epochs': 14.0, 'optimizer': 'Adamax', 'output_layer_activation': 'sigmoid', 'second_layer_dense': 30, 'third_layer_dense': 14}"
0.014428436756134031,0.1830054,0.3451720178127289,0.25527191162109375,0.3518312871456146,0.6637070178985596,"{'batch_size': 32, 'drop_out': 0.28706943258299267, 'first_layer_dense': 46, 'hidden_layer_activation': 'softsign', 'learning_rate': 0.1, 'num_epochs': 13.0, 'optimizer': 'Adamax', 'output_layer_activation': 'sigmoid', 'second_layer_dense': 32, 'third_layer_dense': 18}"
0.014428436756134031,0.344987,0.46281909942626953,0.4017758071422577,0.4406215250492096,0.6637070178985596,"{'batch_size': 64, 'drop_out': 0.27944735399352283, 'first_layer_dense': 74, 'hidden_layer_activation': 'selu', 'learning_rate': 0.1, 'num_epochs': 17.0, 'optimizer': 'SGD', 'output_layer_activation': 'sigmoid', 'second_layer_dense': 35, 'third_layer_dense': 13}"
0.014428436756134031,0.1318238,0.4461709260940552,0.45948946475982666,0.4894561469554901,0.8113207817077637,"{'batch_size': 16, 'drop_out': 0.30398890284037833, 'first_layer_dense': 87, 'hidden_layer_activation': 'elu', 'learning_rate': 0.1, 'num_epochs': 16.0, 'optimizer': 'Adamax', 'output_layer_activation': 'sigmoid', 'second_layer_dense': 31, 'third_layer_dense': 18}"
0.01553827524185181,0.12687874,0.445061057806015,0.46281909942626953,0.48279687762260437,0.7058823704719543,"{'batch_size': 16, 'drop_out': 0.26622389858282525, 'first_layer_dense': 96, 'hidden_layer_activation': 'relu', 'learning_rate': 0.1, 'num_epochs': 15.0, 'optimizer': 'Adamax', 'output_layer_activation': 'sigmoid', 'second_layer_dense': 31, 'third_layer_dense': 15}"
0.01553827524185181,0.04027461,0.28412875533103943,0.20865704119205475,0.32297447323799133,0.6614872217178345,"{'batch_size': 16, 'drop_out': 0.3087346742536503, 'first_layer_dense': 96, 'hidden_layer_activation': 'softsign', 'learning_rate': 0.1, 'num_epochs': 15.0, 'optimizer': 'Adamax', 'output_layer_activation': 'sigmoid', 'second_layer_dense': 30, 'third_layer_dense': 18}"
0.01553827524185181,0.0626333,0.47280800342559814,0.4605993330478668,0.4739178717136383,0.7391787171363831,"{'batch_size': 16, 'drop_out': 0.24166057332656354, 'first_layer_dense': 109, 'hidden_layer_activation': 'softsign', 'learning_rate': 0.1, 'num_epochs': 12.0, 'optimizer': 'Adamax', 'output_layer_activation': 'sigmoid', 'second_layer_dense': 31, 'third_layer_dense': 15}"
0.01553827524185181,0.10342849,0.3784683644771576,0.2896781265735626,0.38512763381004333,0.683684766292572,"{'batch_size': 16, 'drop_out': 0.22294450523247258, 'first_layer_dense': 150, 'hidden_layer_activation': 'softsign', 'learning_rate': 0.1, 'num_epochs': 13.0, 'optimizer': 'Adamax', 'output_layer_activation': 'sigmoid', 'second_layer_dense': 30, 'third_layer_dense': 14}"
0.01553827524185181,0.2569431,0.45504993200302124,0.39733630418777466,0.4350721538066864,0.662597119808197,"{'batch_size': 16, 'drop_out': 0.1759079183088063, 'first_layer_dense': 80, 'hidden_layer_activation': 'tanh', 'learning_rate': 0.1, 'num_epochs': 18.0, 'optimizer': 'SGD', 'output_layer_activation': 'sigmoid', 'second_layer_dense': 32, 'third_layer_dense': 12}"
0.01553827524185181,0.22472893,0.4661487340927124,0.48612651228904724,0.5016648173332214,0.6714761257171631,"{'batch_size': 16, 'drop_out': 0.4534811584471547, 'first_layer_dense': 70, 'hidden_layer_activation': 'softplus', 'learning_rate': 0.1, 'num_epochs': 20.0, 'optimizer': 'Adamax', 'output_layer_activation': 'sigmoid', 'second_layer_dense': 41, 'third_layer_dense': 17}"
0.01553827524185181,0.38081247,0.48834627866744995,0.48279687762260437,0.47835737466812134,0.635960042476654,"{'batch_size': 128, 'drop_out': 0.1894920602221365, 'first_layer_dense': 73, 'hidden_layer_activation': 'tanh', 'learning_rate': 0.1, 'num_epochs': 19.0, 'optimizer': 'SGD', 'output_layer_activation': 'sigmoid', 'second_layer_dense': 33, 'third_layer_dense': 10}"
0.01553827524185181,0.21689968,0.46281909942626953,0.476137638092041,0.48834627866744995,0.6648168563842773,"{'batch_size': 16, 'drop_out': 0.4098655273515491, 'first_layer_dense': 74, 'hidden_layer_activation': 'softplus', 'learning_rate': 0.1, 'num_epochs': 19.0, 'optimizer': 'Adamax', 'output_layer_activation': 'sigmoid', 'second_layer_dense': 45, 'third_layer_dense': 15}"
0.016648173332214355,0.04688418,0.25971144437789917,0.17536070942878723,0.31520533561706543,0.6648168563842773,"{'batch_size': 16, 'drop_out': 0.28472501761578806, 'first_layer_dense': 111, 'hidden_layer_activation': 'softsign', 'learning_rate': 0.1, 'num_epochs': 14.0, 'optimizer': 'Adamax', 'output_layer_activation': 'sigmoid', 'second_layer_dense': 31, 'third_layer_dense': 14}"
0.016648173332214355,0.033060294,0.35072141885757446,0.23196448385715485,0.3596004545688629,0.6614872217178345,"{'batch_size': 16, 'drop_out': 0.19150696669297113, 'first_layer_dense': 102, 'hidden_layer_activation': 'softsign', 'learning_rate': 0.1, 'num_epochs': 17.0, 'optimizer': 'Adamax', 'output_layer_activation': 'sigmoid', 'second_layer_dense': 32, 'third_layer_dense': 14}"
0.016648173332214355,0.71050775,0.4062153100967407,0.2774694859981537,0.3806881308555603,0.6637070178985596,"{'batch_size': 32, 'drop_out': 0.056399083167915115, 'first_layer_dense': 53, 'hidden_layer_activation': 'tanh', 'learning_rate': 0.001, 'num_epochs': 6.0, 'optimizer': 'Adam', 'output_layer_activation': 'hard_sigmoid', 'second_layer_dense': 41, 'third_layer_dense': 17}"
0.016648173332214355,0.16504854,0.47058823704719543,0.41842398047447205,0.44950056076049805,0.6637070178985596,"{'batch_size': 16, 'drop_out': 0.26477134623423143, 'first_layer_dense': 76, 'hidden_layer_activation': 'softsign', 'learning_rate': 0.1, 'num_epochs': 15.0, 'optimizer': 'SGD', 'output_layer_activation': 'sigmoid', 'second_layer_dense': 37, 'third_layer_dense': 14}"
0.016648173332214355,0.346574,0.4894561469554901,0.4894561469554901,0.4894561469554901,0.5571587085723877,"{'batch_size': 64, 'drop_out': 0.2771981569065637, 'first_layer_dense': 85, 'hidden_layer_activation': 'softmax', 'learning_rate': 0.1, 'num_epochs': 18.0, 'optimizer': 'Adagrad', 'output_layer_activation': 'sigmoid', 'second_layer_dense': 31, 'third_layer_dense': 10}"
0.016648173332214355,0.108169764,0.2852386236190796,0.18978911638259888,0.33296337723731995,0.6614872217178345,"{'batch_size': 16, 'drop_out': 0.29456784222422705, 'first_layer_dense': 94, 'hidden_layer_activation': 'softsign', 'learning_rate': 0.1, 'num_epochs': 15.0, 'optimizer': 'Adamax', 'output_layer_activation': 'sigmoid', 'second_layer_dense': 48, 'third_layer_dense': 18}"
0.016648173332214355,0.34436998,0.4894561469554901,0.4894561469554901,0.4894561469554901,0.6248612403869629,"{'batch_size': 16, 'drop_out': 0.2382861059313035, 'first_layer_dense': 37, 'hidden_layer_activation': 'softmax', 'learning_rate': 0.1, 'num_epochs': 18.0, 'optimizer': 'Adamax', 'output_layer_activation': 'softplus', 'second_layer_dense': 43, 'third_layer_dense': 10}"
0.016648173332214355,0.21931304,0.4839067757129669,0.4739178717136383,0.47058823704719543,0.6570477485656738,"{'batch_size': 64, 'drop_out': 0.27071121194173653, 'first_layer_dense': 102, 'hidden_layer_activation': 'softsign', 'learning_rate': 0.1, 'num_epochs': 16.0, 'optimizer': 'SGD', 'output_layer_activation': 'sigmoid', 'second_layer_dense': 32, 'third_layer_dense': 15}"
0.016648173332214355,0.59581816,0.4894561469554901,0.4839067757129669,0.48612651228904724,0.559378445148468,"{'batch_size': 16, 'drop_out': 0.09493155800680499, 'first_layer_dense': 87, 'hidden_layer_activation': 'softmax', 'learning_rate': 0.001, 'num_epochs': 15.0, 'optimizer': 'Adam', 'output_layer_activation': 'relu', 'second_layer_dense': 50, 'third_layer_dense': 25}"
0.016648173332214355,0.10641583,0.2874583899974823,0.19866815209388733,0.3340732455253601,0.6614872217178345,"{'batch_size': 16, 'drop_out': 0.3019525909364301, 'first_layer_dense': 75, 'hidden_layer_activation': 'softsign', 'learning_rate': 0.1, 'num_epochs': 13.0, 'optimizer': 'Adamax', 'output_layer_activation': 'sigmoid', 'second_layer_dense': 32, 'third_layer_dense': 29}"
0.016648173332214355,0.40865204,0.4794672727584839,0.43396225571632385,0.45726969838142395,0.662597119808197,"{'batch_size': 128, 'drop_out': 0.1420435735749445, 'first_layer_dense': 35, 'hidden_layer_activation': 'tanh', 'learning_rate': 0.1, 'num_epochs': 17.0, 'optimizer': 'SGD', 'output_layer_activation': 'sigmoid', 'second_layer_dense': 31, 'third_layer_dense': 10}"
0.016648173332214355,0.09419934,0.29633739590644836,0.19311875104904175,0.3263041079044342,0.6614872217178345,"{'batch_size': 16, 'drop_out': 0.27581627629576017, 'first_layer_dense': 82, 'hidden_layer_activation': 'softsign', 'learning_rate': 0.1, 'num_epochs': 12.0, 'optimizer': 'Adamax', 'output_layer_activation': 'sigmoid', 'second_layer_dense': 33, 'third_layer_dense': 24}"
0.017758071422576904,0.039726943,0.34295228123664856,0.23529411852359772,0.35072141885757446,0.6637070178985596,"{'batch_size': 16, 'drop_out': 0.28528296569455797, 'first_layer_dense': 108, 'hidden_layer_activation': 'softsign', 'learning_rate': 0.1, 'num_epochs': 14.0, 'optimizer': 'Adamax', 'output_layer_activation': 'sigmoid', 'second_layer_dense': 31, 'third_layer_dense': 15}"
0.017758071422576904,0.060850874,0.2930077612400055,0.22086571156978607,0.34073251485824585,0.6614872217178345,"{'batch_size': 16, 'drop_out': 0.28307624054423464, 'first_layer_dense': 113, 'hidden_layer_activation': 'softsign', 'learning_rate': 0.1, 'num_epochs': 15.0, 'optimizer': 'Adamax', 'output_layer_activation': 'sigmoid', 'second_layer_dense': 30, 'third_layer_dense': 11}"
0.017758071422576904,0.08931811,0.24972252547740936,0.18201997876167297,0.3185349702835083,0.6714761257171631,"{'batch_size': 16, 'drop_out': 0.3270263493741161, 'first_layer_dense': 53, 'hidden_layer_activation': 'softsign', 'learning_rate': 0.1, 'num_epochs': 13.0, 'optimizer': 'Adamax', 'output_layer_activation': 'sigmoid', 'second_layer_dense': 31, 'third_layer_dense': 19}"
0.017758071422576904,0.17934278,0.4139844477176666,0.3185349702835083,0.4017758071422577,0.8357380628585815,"{'batch_size': 16, 'drop_out': 0.21611228213539052, 'first_layer_dense': 106, 'hidden_layer_activation': 'softsign', 'learning_rate': 0.1, 'num_epochs': 12.0, 'optimizer': 'Adamax', 'output_layer_activation': 'hard_sigmoid', 'second_layer_dense': 30, 'third_layer_dense': 17}"
0.017758071422576904,0.27337295,0.4605993330478668,0.4406215250492096,0.45726969838142395,0.6648168563842773,"{'batch_size': 16, 'drop_out': 0.25649705916824517, 'first_layer_dense': 144, 'hidden_layer_activation': 'softplus', 'learning_rate': 0.1, 'num_epochs': 15.0, 'optimizer': 'Adagrad', 'output_layer_activation': 'sigmoid', 'second_layer_dense': 31, 'third_layer_dense': 14}"
0.017758071422576904,0.36559507,0.46725860238075256,0.4583795666694641,0.47058823704719543,0.6603773832321167,"{'batch_size': 16, 'drop_out': 0.1580579935611759, 'first_layer_dense': 111, 'hidden_layer_activation': 'sigmoid', 'learning_rate': 0.01, 'num_epochs': 15.0, 'optimizer': 'NAdam', 'output_layer_activation': 'sigmoid', 'second_layer_dense': 31, 'third_layer_dense': 16}"
0.017758071422576904,0.15818277,0.2874583899974823,0.2230854630470276,0.3451720178127289,0.683684766292572,"{'batch_size': 64, 'drop_out': 0.21812089676316743, 'first_layer_dense': 100, 'hidden_layer_activation': 'softsign', 'learning_rate': 0.1, 'num_epochs': 13.0, 'optimizer': 'Adamax', 'output_layer_activation': 'sigmoid', 'second_layer_dense': 30, 'third_layer_dense': 15}"
0.017758071422576904,0.2181657,0.4683684706687927,0.45948946475982666,0.47502774000167847,0.6792452931404114,"{'batch_size': 16, 'drop_out': 0.2824880189633117, 'first_layer_dense': 100, 'hidden_layer_activation': 'relu', 'learning_rate': 0.1, 'num_epochs': 14.0, 'optimizer': 'Adamax', 'output_layer_activation': 'sigmoid', 'second_layer_dense': 49, 'third_layer_dense': 16}"
0.017758071422576904,0.3864434,0.5072141885757446,0.5172030925750732,0.51165372133255,0.7425083518028259,"{'batch_size': 32, 'drop_out': 0.08046675773860357, 'first_layer_dense': 95, 'hidden_layer_activation': 'selu', 'learning_rate': 0.1, 'num_epochs': 9.0, 'optimizer': 'Adamax', 'output_layer_activation': 'sigmoid', 'second_layer_dense': 36, 'third_layer_dense': 30}"
0.017758071422576904,0.19195871,0.3751387298107147,0.31187570095062256,0.3884572684764862,0.6736959218978882,"{'batch_size': 16, 'drop_out': 0.18830830831430678, 'first_layer_dense': 145, 'hidden_layer_activation': 'softsign', 'learning_rate': 0.1, 'num_epochs': 15.0, 'optimizer': 'Adamax', 'output_layer_activation': 'hard_sigmoid', 'second_layer_dense': 32, 'third_layer_dense': 12}"
0.017758071422576904,0.24669737,0.5138734579086304,0.476137638092041,0.5049944519996643,0.7580466270446777,"{'batch_size': 16, 'drop_out': 0.37784916475792496, 'first_layer_dense': 140, 'hidden_layer_activation': 'tanh', 'learning_rate': 0.1, 'num_epochs': 19.0, 'optimizer': 'Adamax', 'output_layer_activation': 'sigmoid', 'second_layer_dense': 47, 'third_layer_dense': 14}"
0.017758071422576904,0.33368644,0.4528301954269409,0.38956713676452637,0.44173142313957214,0.6648168563842773,"{'batch_size': 64, 'drop_out': 0.259091780297821, 'first_layer_dense': 89, 'hidden_layer_activation': 'selu', 'learning_rate': 0.1, 'num_epochs': 18.0, 'optimizer': 'SGD', 'output_layer_activation': 'sigmoid', 'second_layer_dense': 34, 'third_layer_dense': 14}"
0.01886790990829468,0.32765332,0.4639289677143097,0.40510544180870056,0.43951165676116943,0.6648168563842773,"{'batch_size': 64, 'drop_out': 0.2808860718834006, 'first_layer_dense': 85, 'hidden_layer_activation': 'selu', 'learning_rate': 0.1, 'num_epochs': 18.0, 'optimizer': 'SGD', 'output_layer_activation': 'sigmoid', 'second_layer_dense': 33, 'third_layer_dense': 14}"
0.01886790990829468,0.3784283,0.48057714104652405,0.48279687762260437,0.4794672727584839,0.6048834919929504,"{'batch_size': 32, 'drop_out': 0.031234233801662376, 'first_layer_dense': 69, 'hidden_layer_activation': 'softmax', 'learning_rate': 0.1, 'num_epochs': 20.0, 'optimizer': 'Adamax', 'output_layer_activation': 'sigmoid', 'second_layer_dense': 36, 'third_layer_dense': 29}"
0.01886790990829468,0.48400435,0.48057714104652405,0.51165372133255,0.5183129906654358,0.8279688954353333,"{'batch_size': 16, 'drop_out': 0.047643596587108365, 'first_layer_dense': 136, 'hidden_layer_activation': 'elu', 'learning_rate': 0.001, 'num_epochs': 6.0, 'optimizer': 'Adamax', 'output_layer_activation': 'hard_sigmoid', 'second_layer_dense': 37, 'third_layer_dense': 15}"
0.01886790990829468,0.45985118,0.3551609218120575,0.2486126571893692,0.3607103228569031,0.662597119808197,"{'batch_size': 32, 'drop_out': 0.041148062697132545, 'first_layer_dense': 118, 'hidden_layer_activation': 'softsign', 'learning_rate': 0.001, 'num_epochs': 19.0, 'optimizer': 'Adamax', 'output_layer_activation': 'hard_sigmoid', 'second_layer_dense': 36, 'third_layer_dense': 27}"
0.01886790990829468,0.1622268,0.3917869031429291,0.2641509473323822,0.3651498258113861,0.6548279523849487,"{'batch_size': 16, 'drop_out': 0.36612279840749257, 'first_layer_dense': 122, 'hidden_layer_activation': 'linear', 'learning_rate': 0.1, 'num_epochs': 18.0, 'optimizer': 'Adamax', 'output_layer_activation': 'sigmoid', 'second_layer_dense': 30, 'third_layer_dense': 17}"
0.01886790990829468,0.096927874,0.29633739590644836,0.2175360769033432,0.3473917841911316,0.6670366525650024,"{'batch_size': 16, 'drop_out': 0.1619932693711527, 'first_layer_dense': 129, 'hidden_layer_activation': 'softsign', 'learning_rate': 0.1, 'num_epochs': 11.0, 'optimizer': 'Adamax', 'output_layer_activation': 'sigmoid', 'second_layer_dense': 32, 'third_layer_dense': 15}"
0.01886790990829468,0.4662992,0.4894561469554901,0.4894561469554901,0.4894561469554901,0.5371809005737305,"{'batch_size': 64, 'drop_out': 0.20672526469732388, 'first_layer_dense': 143, 'hidden_layer_activation': 'softmax', 'learning_rate': 0.1, 'num_epochs': 16.0, 'optimizer': 'Adagrad', 'output_layer_activation': 'linear', 'second_layer_dense': 32, 'third_layer_dense': 15}"
0.01886790990829468,0.44252315,0.41065484285354614,0.30410653352737427,0.40066593885421753,0.8035516142845154,"{'batch_size': 32, 'drop_out': 0.21687566504012518, 'first_layer_dense': 44, 'hidden_layer_activation': 'softsign', 'learning_rate': 0.1, 'num_epochs': 17.0, 'optimizer': 'Adagrad', 'output_layer_activation': 'hard_sigmoid', 'second_layer_dense': 37, 'third_layer_dense': 28}"
0.01886790990829468,0.40606242,0.4461709260940552,0.4661487340927124,0.4916759133338928,0.8368479609489441,"{'batch_size': 32, 'drop_out': 0.1216937690561574, 'first_layer_dense': 35, 'hidden_layer_activation': 'selu', 'learning_rate': 0.1, 'num_epochs': 12.0, 'optimizer': 'Adamax', 'output_layer_activation': 'sigmoid', 'second_layer_dense': 35, 'third_layer_dense': 31}"
0.01886790990829468,0.3368559,0.476137638092041,0.4916759133338928,0.4972253143787384,0.6592674851417542,"{'batch_size': 128, 'drop_out': 0.0746267694190001, 'first_layer_dense': 117, 'hidden_layer_activation': 'selu', 'learning_rate': 0.1, 'num_epochs': 9.0, 'optimizer': 'Adamax', 'output_layer_activation': 'sigmoid', 'second_layer_dense': 30, 'third_layer_dense': 13}"
0.01886790990829468,0.2844831,0.45948946475982666,0.44728079438209534,0.476137638092041,0.6559378504753113,"{'batch_size': 64, 'drop_out': 0.13260162817975552, 'first_layer_dense': 39, 'hidden_layer_activation': 'softsign', 'learning_rate': 0.1, 'num_epochs': 11.0, 'optimizer': 'Adamax', 'output_layer_activation': 'sigmoid', 'second_layer_dense': 45, 'third_layer_dense': 15}"
0.01886790990829468,0.2549404,0.41620421409606934,0.34295228123664856,0.4017758071422577,0.6614872217178345,"{'batch_size': 16, 'drop_out': 0.2774112945492457, 'first_layer_dense': 82, 'hidden_layer_activation': 'selu', 'learning_rate': 0.1, 'num_epochs': 16.0, 'optimizer': 'SGD', 'output_layer_activation': 'sigmoid', 'second_layer_dense': 36, 'third_layer_dense': 12}"
0.019977807998657227,0.21665446,0.36403995752334595,0.2663707137107849,0.36958935856819153,0.6614872217178345,"{'batch_size': 64, 'drop_out': 0.10890742385774475, 'first_layer_dense': 57, 'hidden_layer_activation': 'softsign', 'learning_rate': 0.1, 'num_epochs': 12.0, 'optimizer': 'Adamax', 'output_layer_activation': 'sigmoid', 'second_layer_dense': 33, 'third_layer_dense': 13}"
0.019977807998657227,0.39197284,0.4794672727584839,0.44950056076049805,0.45948946475982666,0.6415094137191772,"{'batch_size': 128, 'drop_out': 0.18180965831475993, 'first_layer_dense': 50, 'hidden_layer_activation': 'tanh', 'learning_rate': 0.1, 'num_epochs': 19.0, 'optimizer': 'SGD', 'output_layer_activation': 'sigmoid', 'second_layer_dense': 32, 'third_layer_dense': 11}"
0.019977807998657227,0.32465458,0.445061057806015,0.4639289677143097,0.4816870093345642,0.7813540697097778,"{'batch_size': 32, 'drop_out': 0.1381740078730715, 'first_layer_dense': 110, 'hidden_layer_activation': 'selu', 'learning_rate': 0.1, 'num_epochs': 12.0, 'optimizer': 'Adamax', 'output_layer_activation': 'sigmoid', 'second_layer_dense': 32, 'third_layer_dense': 25}"
0.019977807998657227,0.28597972,0.4406215250492096,0.399556040763855,0.44728079438209534,0.7025527358055115,"{'batch_size': 64, 'drop_out': 0.22457948567882474, 'first_layer_dense': 52, 'hidden_layer_activation': 'relu', 'learning_rate': 0.1, 'num_epochs': 13.0, 'optimizer': 'Adamax', 'output_layer_activation': 'sigmoid', 'second_layer_dense': 32, 'third_layer_dense': 17}"
0.019977807998657227,0.09366649,0.26082131266593933,0.2019977867603302,0.3263041079044342,0.6825749278068542,"{'batch_size': 16, 'drop_out': 0.1461308734823915, 'first_layer_dense': 106, 'hidden_layer_activation': 'softsign', 'learning_rate': 0.1, 'num_epochs': 14.0, 'optimizer': 'Adamax', 'output_layer_activation': 'sigmoid', 'second_layer_dense': 30, 'third_layer_dense': 10}"
0.019977807998657227,0.36845526,0.523862361907959,0.4772475063800812,0.49611541628837585,0.653718113899231,"{'batch_size': 16, 'drop_out': 0.0999190345016837, 'first_layer_dense': 43, 'hidden_layer_activation': 'selu', 'learning_rate': 0.001, 'num_epochs': 7.0, 'optimizer': 'Adamax', 'output_layer_activation': 'sigmoid', 'second_layer_dense': 34, 'third_layer_dense': 17}"
0.019977807998657227,0.24479726,0.47280800342559814,0.5249722599983215,0.5283018946647644,0.8213096857070923,"{'batch_size': 64, 'drop_out': 0.24711911136499104, 'first_layer_dense': 92, 'hidden_layer_activation': 'elu', 'learning_rate': 0.1, 'num_epochs': 15.0, 'optimizer': 'Adamax', 'output_layer_activation': 'sigmoid', 'second_layer_dense': 30, 'third_layer_dense': 13}"
0.019977807998657227,0.6486651,0.44173142313957214,0.3784683644771576,0.43618202209472656,0.6759156584739685,"{'batch_size': 128, 'drop_out': 0.08601539204802316, 'first_layer_dense': 125, 'hidden_layer_activation': 'selu', 'learning_rate': 0.01, 'num_epochs': 10.0, 'optimizer': 'Adagrad', 'output_layer_activation': 'hard_sigmoid', 'second_layer_dense': 35, 'third_layer_dense': 19}"
0.019977807998657227,0.27596834,0.47835737466812134,0.4716981053352356,0.476137638092041,0.6592674851417542,"{'batch_size': 32, 'drop_out': 0.15581686169809797, 'first_layer_dense': 80, 'hidden_layer_activation': 'sigmoid', 'learning_rate': 0.1, 'num_epochs': 16.0, 'optimizer': 'Adamax', 'output_layer_activation': 'sigmoid', 'second_layer_dense': 35, 'third_layer_dense': 12}"
0.019977807998657227,0.3871278,0.461709201335907,0.40510544180870056,0.4372918903827667,0.6514983177185059,"{'batch_size': 128, 'drop_out': 0.12469507266348064, 'first_layer_dense': 65, 'hidden_layer_activation': 'tanh', 'learning_rate': 0.1, 'num_epochs': 17.0, 'optimizer': 'SGD', 'output_layer_activation': 'sigmoid', 'second_layer_dense': 33, 'third_layer_dense': 10}"
0.019977807998657227,0.4661848,0.5371809005737305,0.5371809005737305,0.5283018946647644,0.7425083518028259,"{'batch_size': 32, 'drop_out': 0.12524244541382526, 'first_layer_dense': 72, 'hidden_layer_activation': 'softmax', 'learning_rate': 0.1, 'num_epochs': 14.0, 'optimizer': 'Adamax', 'output_layer_activation': 'relu', 'second_layer_dense': 36, 'third_layer_dense': 31}"
0.019977807998657227,0.3505911,0.45172029733657837,0.44950056076049805,0.4739178717136383,0.724750280380249,"{'batch_size': 32, 'drop_out': 0.12896198475252338, 'first_layer_dense': 122, 'hidden_layer_activation': 'selu', 'learning_rate': 0.1, 'num_epochs': 12.0, 'optimizer': 'Adamax', 'output_layer_activation': 'sigmoid', 'second_layer_dense': 31, 'third_layer_dense': 27}"
0.021087706089019772,0.2800283,0.2663707137107849,0.2097669243812561,0.3240843415260315,0.6637070178985596,"{'batch_size': 32, 'drop_out': 0.11702394356953413, 'first_layer_dense': 63, 'hidden_layer_activation': 'softsign', 'learning_rate': 0.1, 'num_epochs': 9.0, 'optimizer': 'Adamax', 'output_layer_activation': 'sigmoid', 'second_layer_dense': 31, 'third_layer_dense': 28}"
0.021087706089019772,0.23554657,0.476137638092041,0.4816870093345642,0.4872364103794098,0.6503884792327881,"{'batch_size': 16, 'drop_out': 0.19308799210620314, 'first_layer_dense': 149, 'hidden_layer_activation': 'relu', 'learning_rate': 0.1, 'num_epochs': 11.0, 'optimizer': 'Adamax', 'output_layer_activation': 'sigmoid', 'second_layer_dense': 34, 'third_layer_dense': 11}"
0.021087706089019772,0.2592835,0.461709201335907,0.5016648173332214,0.502774715423584,0.7547169923782349,"{'batch_size': 16, 'drop_out': 0.12641341889889904, 'first_layer_dense': 46, 'hidden_layer_activation': 'selu', 'learning_rate': 0.1, 'num_epochs': 10.0, 'optimizer': 'Adamax', 'output_layer_activation': 'sigmoid', 'second_layer_dense': 35, 'third_layer_dense': 10}"
0.021087706089019772,0.35064772,0.45726969838142395,0.5183129906654358,0.5227525234222412,0.786903440952301,"{'batch_size': 32, 'drop_out': 0.14040139078751918, 'first_layer_dense': 95, 'hidden_layer_activation': 'selu', 'learning_rate': 0.1, 'num_epochs': 11.0, 'optimizer': 'Adamax', 'output_layer_activation': 'sigmoid', 'second_layer_dense': 33, 'third_layer_dense': 31}"
0.021087706089019772,0.46620622,0.36182019114494324,0.2586015462875366,0.3596004545688629,0.6581575870513916,"{'batch_size': 32, 'drop_out': 0.09488521259556418, 'first_layer_dense': 138, 'hidden_layer_activation': 'softsign', 'learning_rate': 0.001, 'num_epochs': 19.0, 'optimizer': 'Adamax', 'output_layer_activation': 'hard_sigmoid', 'second_layer_dense': 37, 'third_layer_dense': 26}"
0.021087706089019772,0.6432638,0.46725860238075256,0.430632621049881,0.4561598300933838,0.8091009855270386,"{'batch_size': 128, 'drop_out': 0.11146219724127715, 'first_layer_dense': 125, 'hidden_layer_activation': 'elu', 'learning_rate': 0.001, 'num_epochs': 8.0, 'optimizer': 'RMSprop', 'output_layer_activation': 'hard_sigmoid', 'second_layer_dense': 35, 'third_layer_dense': 14}"
0.021087706089019772,0.34773436,0.4428412914276123,0.40066593885421753,0.4372918903827667,0.6637070178985596,"{'batch_size': 128, 'drop_out': 0.2385093023100609, 'first_layer_dense': 80, 'hidden_layer_activation': 'selu', 'learning_rate': 0.1, 'num_epochs': 17.0, 'optimizer': 'SGD', 'output_layer_activation': 'sigmoid', 'second_layer_dense': 34, 'third_layer_dense': 12}"
0.021087706089019772,0.56770813,0.2508324086666107,0.16426193714141846,0.30743616819381714,0.6614872217178345,"{'batch_size': 64, 'drop_out': 0.09986681428314208, 'first_layer_dense': 127, 'hidden_layer_activation': 'softsign', 'learning_rate': 0.001, 'num_epochs': 8.0, 'optimizer': 'RMSprop', 'output_layer_activation': 'hard_sigmoid', 'second_layer_dense': 40, 'third_layer_dense': 15}"
0.021087706089019772,0.26360175,0.40843507647514343,0.3840177655220032,0.42397335171699524,0.7291898131370544,"{'batch_size': 16, 'drop_out': 0.15515092803508204, 'first_layer_dense': 97, 'hidden_layer_activation': 'relu', 'learning_rate': 0.1, 'num_epochs': 15.0, 'optimizer': 'Adagrad', 'output_layer_activation': 'sigmoid', 'second_layer_dense': 31, 'third_layer_dense': 12}"
0.021087706089019772,0.21308638,0.3029966652393341,0.20532742142677307,0.3362930119037628,0.662597119808197,"{'batch_size': 16, 'drop_out': 0.23523964901832092, 'first_layer_dense': 46, 'hidden_layer_activation': 'softsign', 'learning_rate': 0.01, 'num_epochs': 8.0, 'optimizer': 'Adamax', 'output_layer_activation': 'sigmoid', 'second_layer_dense': 32, 'third_layer_dense': 15}"
0.021087706089019772,0.14946303,0.48834627866744995,0.4894561469554901,0.4894561469554901,0.6237514019012451,"{'batch_size': 16, 'drop_out': 0.22345277387043455, 'first_layer_dense': 87, 'hidden_layer_activation': 'hard_sigmoid', 'learning_rate': 0.1, 'num_epochs': 17.0, 'optimizer': 'Adamax', 'output_layer_activation': 'sigmoid', 'second_layer_dense': 30, 'third_layer_dense': 11}"
0.021087706089019772,0.22381447,0.41842398047447205,0.3263041079044342,0.41842398047447205,0.6859045624732971,"{'batch_size': 64, 'drop_out': 0.12119198679436881, 'first_layer_dense': 48, 'hidden_layer_activation': 'softsign', 'learning_rate': 0.1, 'num_epochs': 11.0, 'optimizer': 'Adamax', 'output_layer_activation': 'sigmoid', 'second_layer_dense': 33, 'third_layer_dense': 14}"
0.02219754457473755,0.47080073,0.36182019114494324,0.24195338785648346,0.3529411852359772,0.6548279523849487,"{'batch_size': 32, 'drop_out': 0.129428258651552, 'first_layer_dense': 78, 'hidden_layer_activation': 'linear', 'learning_rate': 0.01, 'num_epochs': 17.0, 'optimizer': 'Adagrad', 'output_layer_activation': 'sigmoid', 'second_layer_dense': 33, 'third_layer_dense': 11}"
0.02219754457473755,0.18951622,0.4794672727584839,0.538290798664093,0.5271919965744019,0.7891231775283813,"{'batch_size': 16, 'drop_out': 0.2791502966711629, 'first_layer_dense': 131, 'hidden_layer_activation': 'elu', 'learning_rate': 0.1, 'num_epochs': 13.0, 'optimizer': 'Adamax', 'output_layer_activation': 'sigmoid', 'second_layer_dense': 33, 'third_layer_dense': 20}"
0.02219754457473755,0.2964366,0.4716981053352356,0.42064371705055237,0.47280800342559814,0.6847946643829346,"{'batch_size': 64, 'drop_out': 0.15574830970344686, 'first_layer_dense': 68, 'hidden_layer_activation': 'elu', 'learning_rate': 0.1, 'num_epochs': 13.0, 'optimizer': 'Adamax', 'output_layer_activation': 'sigmoid', 'second_layer_dense': 34, 'third_layer_dense': 13}"
0.02219754457473755,0.35466322,0.4195338487625122,0.3762485980987549,0.41842398047447205,0.662597119808197,"{'batch_size': 64, 'drop_out': 0.2500569828204412, 'first_layer_dense': 72, 'hidden_layer_activation': 'selu', 'learning_rate': 0.1, 'num_epochs': 16.0, 'optimizer': 'SGD', 'output_layer_activation': 'sigmoid', 'second_layer_dense': 35, 'third_layer_dense': 14}"
0.02219754457473755,0.2735179,0.44395115971565247,0.40510544180870056,0.43951165676116943,0.662597119808197,"{'batch_size': 16, 'drop_out': 0.32530107460862334, 'first_layer_dense': 71, 'hidden_layer_activation': 'selu', 'learning_rate': 0.1, 'num_epochs': 18.0, 'optimizer': 'SGD', 'output_layer_activation': 'sigmoid', 'second_layer_dense': 36, 'third_layer_dense': 10}"
0.02219754457473755,0.2168793,0.47835737466812134,0.461709201335907,0.48279687762260437,0.6670366525650024,"{'batch_size': 64, 'drop_out': 0.09303821898425933, 'first_layer_dense': 60, 'hidden_layer_activation': 'softsign', 'learning_rate': 0.1, 'num_epochs': 12.0, 'optimizer': 'Adamax', 'output_layer_activation': 'sigmoid', 'second_layer_dense': 32, 'third_layer_dense': 12}"
0.02219754457473755,0.39923587,0.476137638092041,0.46281909942626953,0.48834627866744995,0.7602663636207581,"{'batch_size': 32, 'drop_out': 0.2661806376140438, 'first_layer_dense': 35, 'hidden_layer_activation': 'selu', 'learning_rate': 0.1, 'num_epochs': 11.0, 'optimizer': 'Adamax', 'output_layer_activation': 'sigmoid', 'second_layer_dense': 39, 'third_layer_dense': 30}"
0.02219754457473755,0.1497066,0.2619311809539795,0.18978911638259888,0.3207547068595886,0.6725860238075256,"{'batch_size': 16, 'drop_out': 0.2332027445945999, 'first_layer_dense': 102, 'hidden_layer_activation': 'softsign', 'learning_rate': 0.1, 'num_epochs': 14.0, 'optimizer': 'RMSprop', 'output_layer_activation': 'sigmoid', 'second_layer_dense': 31, 'third_layer_dense': 14}"
0.02219754457473755,0.16148978,0.31076580286026,0.22197557985782623,0.3496115505695343,0.6859045624732971,"{'batch_size': 64, 'drop_out': 0.3518565800357354, 'first_layer_dense': 128, 'hidden_layer_activation': 'softsign', 'learning_rate': 0.1, 'num_epochs': 19.0, 'optimizer': 'Adamax', 'output_layer_activation': 'sigmoid', 'second_layer_dense': 31, 'third_layer_dense': 16}"
0.023307442665100098,0.31438124,0.4561598300933838,0.3729189932346344,0.4295227527618408,0.6803551316261292,"{'batch_size': 16, 'drop_out': 0.20495459090722085, 'first_layer_dense': 119, 'hidden_layer_activation': 'softsign', 'learning_rate': 0.001, 'num_epochs': 10.0, 'optimizer': 'Adamax', 'output_layer_activation': 'hard_sigmoid', 'second_layer_dense': 31, 'third_layer_dense': 20}"
0.023307442665100098,0.38693684,0.4694783687591553,0.4350721538066864,0.45948946475982666,0.6648168563842773,"{'batch_size': 128, 'drop_out': 0.16119221932370498, 'first_layer_dense': 67, 'hidden_layer_activation': 'tanh', 'learning_rate': 0.1, 'num_epochs': 19.0, 'optimizer': 'SGD', 'output_layer_activation': 'sigmoid', 'second_layer_dense': 31, 'third_layer_dense': 11}"
0.023307442665100098,0.08540395,0.40843507647514343,0.3340732455253601,0.399556040763855,0.662597119808197,"{'batch_size': 16, 'drop_out': 0.25240977584948737, 'first_layer_dense': 128, 'hidden_layer_activation': 'softsign', 'learning_rate': 0.1, 'num_epochs': 12.0, 'optimizer': 'Adamax', 'output_layer_activation': 'sigmoid', 'second_layer_dense': 31, 'third_layer_dense': 13}"
0.023307442665100098,0.31019703,0.48279687762260437,0.4894561469554901,0.48834627866744995,0.7413984537124634,"{'batch_size': 16, 'drop_out': 0.31023800350775566, 'first_layer_dense': 97, 'hidden_layer_activation': 'softmax', 'learning_rate': 0.1, 'num_epochs': 18.0, 'optimizer': 'Adamax', 'output_layer_activation': 'relu', 'second_layer_dense': 50, 'third_layer_dense': 13}"
0.023307442665100098,0.30893445,0.5760266184806824,0.5693673491477966,0.5549389719963074,0.7569367289543152,"{'batch_size': 32, 'drop_out': 0.17390932518778898, 'first_layer_dense': 103, 'hidden_layer_activation': 'selu', 'learning_rate': 0.1, 'num_epochs': 12.0, 'optimizer': 'Adamax', 'output_layer_activation': 'sigmoid', 'second_layer_dense': 36, 'third_layer_dense': 20}"
0.023307442665100098,0.23704657,0.4217536151409149,0.35627081990242004,0.41842398047447205,0.662597119808197,"{'batch_size': 16, 'drop_out': 0.2627392599107295, 'first_layer_dense': 87, 'hidden_layer_activation': 'selu', 'learning_rate': 0.1, 'num_epochs': 17.0, 'optimizer': 'SGD', 'output_layer_activation': 'sigmoid', 'second_layer_dense': 34, 'third_layer_dense': 12}"
0.023307442665100098,0.53471106,0.4850166440010071,0.5016648173332214,0.49056604504585266,0.715871274471283,"{'batch_size': 128, 'drop_out': 0.3611287451381133, 'first_layer_dense': 60, 'hidden_layer_activation': 'softmax', 'learning_rate': 0.1, 'num_epochs': 15.0, 'optimizer': 'Adagrad', 'output_layer_activation': 'relu', 'second_layer_dense': 40, 'third_layer_dense': 24}"
0.023307442665100098,0.26716235,0.48279687762260437,0.47835737466812134,0.47835737466812134,0.6426193118095398,"{'batch_size': 128, 'drop_out': 0.18691376021367684, 'first_layer_dense': 82, 'hidden_layer_activation': 'sigmoid', 'learning_rate': 0.1, 'num_epochs': 18.0, 'optimizer': 'Adamax', 'output_layer_activation': 'sigmoid', 'second_layer_dense': 33, 'third_layer_dense': 10}"
0.024417340755462646,0.6506359,0.5394006371498108,0.42841288447380066,0.4639289677143097,0.6581575870513916,"{'batch_size': 64, 'drop_out': 0.09508506598953395, 'first_layer_dense': 97, 'hidden_layer_activation': 'linear', 'learning_rate': 0.001, 'num_epochs': 6.0, 'optimizer': 'NAdam', 'output_layer_activation': 'hard_sigmoid', 'second_layer_dense': 36, 'third_layer_dense': 12}"
0.024417340755462646,0.34220576,0.5205327272415161,0.47280800342559814,0.5149833559989929,0.8512763381004333,"{'batch_size': 32, 'drop_out': 0.05246145416746512, 'first_layer_dense': 99, 'hidden_layer_activation': 'selu', 'learning_rate': 0.1, 'num_epochs': 12.0, 'optimizer': 'Adamax', 'output_layer_activation': 'sigmoid', 'second_layer_dense': 33, 'third_layer_dense': 26}"
0.024417340755462646,0.3243161,0.4639289677143097,0.4916759133338928,0.4972253143787384,0.7824639081954956,"{'batch_size': 32, 'drop_out': 0.06385956926562293, 'first_layer_dense': 67, 'hidden_layer_activation': 'softsign', 'learning_rate': 0.1, 'num_epochs': 13.0, 'optimizer': 'NAdam', 'output_layer_activation': 'sigmoid', 'second_layer_dense': 33, 'third_layer_dense': 10}"
0.024417340755462646,0.23024562,0.24972252547740936,0.170921191573143,0.30188679695129395,0.6637070178985596,"{'batch_size': 16, 'drop_out': 0.23240300442293424, 'first_layer_dense': 49, 'hidden_layer_activation': 'softsign', 'learning_rate': 0.01, 'num_epochs': 8.0, 'optimizer': 'Adamax', 'output_layer_activation': 'sigmoid', 'second_layer_dense': 34, 'third_layer_dense': 13}"
0.024417340755462646,0.25929585,0.4894561469554901,0.4894561469554901,0.4894561469554901,0.6104328632354736,"{'batch_size': 64, 'drop_out': 0.1936588126269932, 'first_layer_dense': 98, 'hidden_layer_activation': 'softplus', 'learning_rate': 0.1, 'num_epochs': 14.0, 'optimizer': 'Adamax', 'output_layer_activation': 'sigmoid', 'second_layer_dense': 30, 'third_layer_dense': 14}"
0.02552717924118042,0.15467857,0.5882353186607361,0.564927875995636,0.559378445148468,0.7447280883789062,"{'batch_size': 16, 'drop_out': 0.2582991177163391, 'first_layer_dense': 100, 'hidden_layer_activation': 'softsign', 'learning_rate': 0.1, 'num_epochs': 13.0, 'optimizer': 'Adadelta', 'output_layer_activation': 'sigmoid', 'second_layer_dense': 30, 'third_layer_dense': 16}"
0.02552717924118042,0.5752348,0.5405105352401733,0.5127636194229126,0.5083240866661072,0.8268590569496155,"{'batch_size': 32, 'drop_out': 0.06608045125095433, 'first_layer_dense': 67, 'hidden_layer_activation': 'tanh', 'learning_rate': 0.1, 'num_epochs': 10.0, 'optimizer': 'SGD', 'output_layer_activation': 'hard_sigmoid', 'second_layer_dense': 42, 'third_layer_dense': 17}"
0.02552717924118042,0.18920311,0.47835737466812134,0.3240843415260315,0.42619311809539795,0.7380688190460205,"{'batch_size': 16, 'drop_out': 0.32229293011347016, 'first_layer_dense': 128, 'hidden_layer_activation': 'tanh', 'learning_rate': 0.1, 'num_epochs': 12.0, 'optimizer': 'Adamax', 'output_layer_activation': 'sigmoid', 'second_layer_dense': 31, 'third_layer_dense': 19}"
0.02552717924118042,0.4443708,0.4916759133338928,0.5327414274215698,0.5227525234222412,0.6548279523849487,"{'batch_size': 32, 'drop_out': 0.17664693105693666, 'first_layer_dense': 82, 'hidden_layer_activation': 'softmax', 'learning_rate': 0.1, 'num_epochs': 14.0, 'optimizer': 'Adamax', 'output_layer_activation': 'linear', 'second_layer_dense': 39, 'third_layer_dense': 27}"
0.02663707733154297,0.4786951,0.492785781621933,0.49056604504585266,0.4894561469554901,0.5749167799949646,"{'batch_size': 32, 'drop_out': 0.20043860130167082, 'first_layer_dense': 42, 'hidden_layer_activation': 'softmax', 'learning_rate': 0.1, 'num_epochs': 13.0, 'optimizer': 'Adagrad', 'output_layer_activation': 'sigmoid', 'second_layer_dense': 37, 'third_layer_dense': 29}"
0.02663707733154297,0.4468982,0.4839067757129669,0.48057714104652405,0.48057714104652405,0.6304106712341309,"{'batch_size': 32, 'drop_out': 0.11298471653900696, 'first_layer_dense': 59, 'hidden_layer_activation': 'hard_sigmoid', 'learning_rate': 0.1, 'num_epochs': 12.0, 'optimizer': 'Adamax', 'output_layer_activation': 'softplus', 'second_layer_dense': 35, 'third_layer_dense': 22}"
0.02663707733154297,0.3599223,0.48834627866744995,0.4772475063800812,0.4772475063800812,0.62153160572052,"{'batch_size': 64, 'drop_out': 0.15120666133976823, 'first_layer_dense': 100, 'hidden_layer_activation': 'sigmoid', 'learning_rate': 0.1, 'num_epochs': 14.0, 'optimizer': 'Adamax', 'output_layer_activation': 'tanh', 'second_layer_dense': 31, 'third_layer_dense': 15}"
0.028856813907623288,0.3498127,0.46281909942626953,0.49056604504585266,0.5049944519996643,0.778024435043335,"{'batch_size': 32, 'drop_out': 0.08898441723772174, 'first_layer_dense': 64, 'hidden_layer_activation': 'softsign', 'learning_rate': 0.1, 'num_epochs': 15.0, 'optimizer': 'Adam', 'output_layer_activation': 'sigmoid', 'second_layer_dense': 34, 'third_layer_dense': 28}"
0.028856813907623288,0.44839722,0.5338512659072876,0.4794672727584839,0.5005549192428589,0.6792452931404114,"{'batch_size': 64, 'drop_out': 0.06731161599675828, 'first_layer_dense': 124, 'hidden_layer_activation': 'softsign', 'learning_rate': 0.001, 'num_epochs': 10.0, 'optimizer': 'Adamax', 'output_layer_activation': 'hard_sigmoid', 'second_layer_dense': 38, 'third_layer_dense': 15}"
0.028856813907623288,0.4567295,0.5482797026634216,0.5516093373298645,0.5482797026634216,0.8867924809455872,"{'batch_size': 16, 'drop_out': 0.09643281364033036, 'first_layer_dense': 117, 'hidden_layer_activation': 'elu', 'learning_rate': 0.001, 'num_epochs': 7.0, 'optimizer': 'Adamax', 'output_layer_activation': 'hard_sigmoid', 'second_layer_dense': 38, 'third_layer_dense': 15}"
0.028856813907623288,0.084407076,0.32186460494995117,0.22419533133506775,0.3573806881904602,0.6637070178985596,"{'batch_size': 16, 'drop_out': 0.06189298368531588, 'first_layer_dense': 101, 'hidden_layer_activation': 'softsign', 'learning_rate': 0.1, 'num_epochs': 16.0, 'optimizer': 'Adamax', 'output_layer_activation': 'sigmoid', 'second_layer_dense': 35, 'third_layer_dense': 17}"
0.029966711997985836,0.404132,0.4894561469554901,0.48834627866744995,0.48834627866744995,0.5249722599983215,"{'batch_size': 32, 'drop_out': 0.008815364874667414, 'first_layer_dense': 83, 'hidden_layer_activation': 'sigmoid', 'learning_rate': 0.1, 'num_epochs': 15.0, 'optimizer': 'Adagrad', 'output_layer_activation': 'sigmoid', 'second_layer_dense': 33, 'third_layer_dense': 11}"
0.029966711997985836,0.5573641,0.5693673491477966,0.5460599064826965,0.5427302718162537,0.8213096857070923,"{'batch_size': 32, 'drop_out': 0.059611786007135695, 'first_layer_dense': 118, 'hidden_layer_activation': 'softsign', 'learning_rate': 0.001, 'num_epochs': 8.0, 'optimizer': 'Adagrad', 'output_layer_activation': 'hard_sigmoid', 'second_layer_dense': 36, 'third_layer_dense': 13}"
0.029966711997985836,0.39044577,0.4772475063800812,0.502774715423584,0.5227525234222412,0.9145393967628479,"{'batch_size': 32, 'drop_out': 0.09338703926851653, 'first_layer_dense': 40, 'hidden_layer_activation': 'selu', 'learning_rate': 0.1, 'num_epochs': 13.0, 'optimizer': 'Adamax', 'output_layer_activation': 'sigmoid', 'second_layer_dense': 32, 'third_layer_dense': 32}"
0.029966711997985836,0.25378844,0.5760266184806824,0.538290798664093,0.5405105352401733,0.7658157348632812,"{'batch_size': 16, 'drop_out': 0.29337045289775626, 'first_layer_dense': 105, 'hidden_layer_activation': 'softsign', 'learning_rate': 0.001, 'num_epochs': 14.0, 'optimizer': 'Adamax', 'output_layer_activation': 'hard_sigmoid', 'second_layer_dense': 31, 'third_layer_dense': 11}"
0.029966711997985836,0.31603366,0.4561598300933838,0.44950056076049805,0.46503883600234985,0.662597119808197,"{'batch_size': 16, 'drop_out': 0.17250657309945694, 'first_layer_dense': 47, 'hidden_layer_activation': 'softsign', 'learning_rate': 0.01, 'num_epochs': 10.0, 'optimizer': 'RMSprop', 'output_layer_activation': 'sigmoid', 'second_layer_dense': 32, 'third_layer_dense': 14}"
0.03107661008834839,0.2595142,0.5849056839942932,0.5671476125717163,0.5471698045730591,0.6670366525650024,"{'batch_size': 16, 'drop_out': 0.1963501958695328, 'first_layer_dense': 96, 'hidden_layer_activation': 'relu', 'learning_rate': 0.1, 'num_epochs': 15.0, 'optimizer': 'Adadelta', 'output_layer_activation': 'sigmoid', 'second_layer_dense': 30, 'third_layer_dense': 12}"
0.03107661008834839,0.2677558,0.4716981053352356,0.40510544180870056,0.4461709260940552,0.6548279523849487,"{'batch_size': 64, 'drop_out': 0.1763890454879411, 'first_layer_dense': 92, 'hidden_layer_activation': 'softsign', 'learning_rate': 0.1, 'num_epochs': 13.0, 'optimizer': 'Adam', 'output_layer_activation': 'sigmoid', 'second_layer_dense': 30, 'third_layer_dense': 14}"
0.03107661008834839,0.3178569,0.4894561469554901,0.4872364103794098,0.4872364103794098,0.5183129906654358,"{'batch_size': 16, 'drop_out': 0.20500044214567814, 'first_layer_dense': 37, 'hidden_layer_activation': 'hard_sigmoid', 'learning_rate': 0.01, 'num_epochs': 10.0, 'optimizer': 'Adamax', 'output_layer_activation': 'sigmoid', 'second_layer_dense': 32, 'third_layer_dense': 14}"
0.03107661008834839,0.30054274,0.4872364103794098,0.48057714104652405,0.47835737466812134,0.5527191758155823,"{'batch_size': 64, 'drop_out': 0.2089884242763483, 'first_layer_dense': 95, 'hidden_layer_activation': 'sigmoid', 'learning_rate': 0.1, 'num_epochs': 11.0, 'optimizer': 'Adamax', 'output_layer_activation': 'sigmoid', 'second_layer_dense': 31, 'third_layer_dense': 23}"
0.03218644857406616,0.4446388,0.6071032285690308,0.5782464146614075,0.573806881904602,0.7647058963775635,"{'batch_size': 64, 'drop_out': 0.1212370294296211, 'first_layer_dense': 121, 'hidden_layer_activation': 'softsign', 'learning_rate': 0.001, 'num_epochs': 10.0, 'optimizer': 'Adamax', 'output_layer_activation': 'hard_sigmoid', 'second_layer_dense': 39, 'third_layer_dense': 16}"
0.03218644857406616,0.46243972,0.46725860238075256,0.5072141885757446,0.49611541628837585,0.6637070178985596,"{'batch_size': 64, 'drop_out': 0.15111972946604582, 'first_layer_dense': 65, 'hidden_layer_activation': 'relu', 'learning_rate': 0.1, 'num_epochs': 19.0, 'optimizer': 'SGD', 'output_layer_activation': 'sigmoid', 'second_layer_dense': 41, 'third_layer_dense': 26}"
0.03218644857406616,0.23862654,0.47502774000167847,0.44173142313957214,0.46725860238075256,0.6803551316261292,"{'batch_size': 16, 'drop_out': 0.25901257073858536, 'first_layer_dense': 102, 'hidden_layer_activation': 'linear', 'learning_rate': 0.1, 'num_epochs': 17.0, 'optimizer': 'Adadelta', 'output_layer_activation': 'sigmoid', 'second_layer_dense': 30, 'third_layer_dense': 12}"
0.03218644857406616,0.3766701,0.6137624979019165,0.559378445148468,0.5549389719963074,0.7502774596214294,"{'batch_size': 128, 'drop_out': 0.3077592594007734, 'first_layer_dense': 69, 'hidden_layer_activation': 'tanh', 'learning_rate': 0.1, 'num_epochs': 13.0, 'optimizer': 'RMSprop', 'output_layer_activation': 'sigmoid', 'second_layer_dense': 33, 'third_layer_dense': 20}"
0.03218644857406616,0.57688457,0.4894561469554901,0.4894561469554901,0.4894561469554901,0.5815760493278503,"{'batch_size': 128, 'drop_out': 0.05293016984396853, 'first_layer_dense': 68, 'hidden_layer_activation': 'softmax', 'learning_rate': 0.01, 'num_epochs': 15.0, 'optimizer': 'Adamax', 'output_layer_activation': 'elu', 'second_layer_dense': 35, 'third_layer_dense': 32}"
0.03329634666442871,0.42033297,0.4894561469554901,0.4894561469554901,0.4894561469554901,0.4994450509548187,"{'batch_size': 16, 'drop_out': 0.23423582582498495, 'first_layer_dense': 41, 'hidden_layer_activation': 'softmax', 'learning_rate': 0.01, 'num_epochs': 9.0, 'optimizer': 'Adamax', 'output_layer_activation': 'linear', 'second_layer_dense': 33, 'third_layer_dense': 16}"
0.03440624475479126,0.17394379,0.48057714104652405,0.5394006371498108,0.5371809005737305,0.7957824468612671,"{'batch_size': 16, 'drop_out': 0.35162702711330807, 'first_layer_dense': 113, 'hidden_layer_activation': 'softsign', 'learning_rate': 0.1, 'num_epochs': 12.0, 'optimizer': 'Adam', 'output_layer_activation': 'sigmoid', 'second_layer_dense': 30, 'third_layer_dense': 16}"
0.03440624475479126,0.43513012,0.5948945879936218,0.5815760493278503,0.5793562531471252,0.8368479609489441,"{'batch_size': 16, 'drop_out': 0.18911659446654594, 'first_layer_dense': 135, 'hidden_layer_activation': 'selu', 'learning_rate': 0.001, 'num_epochs': 8.0, 'optimizer': 'Adamax', 'output_layer_activation': 'hard_sigmoid', 'second_layer_dense': 33, 'third_layer_dense': 12}"
0.03440624475479126,0.153473,0.2330743670463562,0.17314095795154572,0.306326299905777,0.7480577230453491,"{'batch_size': 16, 'drop_out': 0.3436052381406157, 'first_layer_dense': 46, 'hidden_layer_activation': 'softsign', 'learning_rate': 0.1, 'num_epochs': 13.0, 'optimizer': 'Adamax', 'output_layer_activation': 'sigmoid', 'second_layer_dense': 44, 'third_layer_dense': 19}"
0.03551608324050903,0.14064191,0.4839067757129669,0.5283018946647644,0.5260821580886841,0.8235294222831726,"{'batch_size': 16, 'drop_out': 0.2576502493110304, 'first_layer_dense': 89, 'hidden_layer_activation': 'softsign', 'learning_rate': 0.1, 'num_epochs': 15.0, 'optimizer': 'Adam', 'output_layer_activation': 'sigmoid', 'second_layer_dense': 30, 'third_layer_dense': 14}"
0.03551608324050903,0.63567364,0.4894561469554901,0.48612651228904724,0.48612651228904724,0.6337403059005737,"{'batch_size': 128, 'drop_out': 0.2631638527960277, 'first_layer_dense': 58, 'hidden_layer_activation': 'hard_sigmoid', 'learning_rate': 0.01, 'num_epochs': 20.0, 'optimizer': 'Adagrad', 'output_layer_activation': 'relu', 'second_layer_dense': 44, 'third_layer_dense': 19}"
0.03662598133087158,0.29567888,0.4894561469554901,0.4894561469554901,0.4894561469554901,0.4894561469554901,"{'batch_size': 16, 'drop_out': 0.13495205978571564, 'first_layer_dense': 89, 'hidden_layer_activation': 'hard_sigmoid', 'learning_rate': 0.1, 'num_epochs': 12.0, 'optimizer': 'SGD', 'output_layer_activation': 'sigmoid', 'second_layer_dense': 37, 'third_layer_dense': 15}"
0.03773581981658936,0.71462667,0.4894561469554901,0.4850166440010071,0.48612651228904724,0.5516093373298645,"{'batch_size': 128, 'drop_out': 0.06835954807563976, 'first_layer_dense': 39, 'hidden_layer_activation': 'softplus', 'learning_rate': 0.01, 'num_epochs': 8.0, 'optimizer': 'RMSprop', 'output_layer_activation': 'hard_sigmoid', 'second_layer_dense': 39, 'third_layer_dense': 21}"
0.03773581981658936,0.62540877,0.4894561469554901,0.4894561469554901,0.4894561469554901,0.4894561469554901,"{'batch_size': 64, 'drop_out': 0.1359220535130472, 'first_layer_dense': 108, 'hidden_layer_activation': 'hard_sigmoid', 'learning_rate': 0.001, 'num_epochs': 10.0, 'optimizer': 'Adam', 'output_layer_activation': 'hard_sigmoid', 'second_layer_dense': 37, 'third_layer_dense': 13}"
0.03773581981658936,0.38447288,0.5871254205703735,0.5971143245697021,0.5993340611457825,0.8668146729469299,"{'batch_size': 32, 'drop_out': 0.16706238765654216, 'first_layer_dense': 148, 'hidden_layer_activation': 'selu', 'learning_rate': 0.1, 'num_epochs': 11.0, 'optimizer': 'Adamax', 'output_layer_activation': 'sigmoid', 'second_layer_dense': 32, 'third_layer_dense': 31}"
0.03773581981658936,0.17781617,0.3163152039051056,0.2019977867603302,0.33518314361572266,0.6326304078102112,"{'batch_size': 16, 'drop_out': 0.3172609134980923, 'first_layer_dense': 129, 'hidden_layer_activation': 'linear', 'learning_rate': 0.1, 'num_epochs': 13.0, 'optimizer': 'Adamax', 'output_layer_activation': 'sigmoid', 'second_layer_dense': 33, 'third_layer_dense': 18}"
0.038845717906951904,0.1332423,0.2253052145242691,0.1687014400959015,0.3007769286632538,0.662597119808197,"{'batch_size': 16, 'drop_out': 0.22198319286903034, 'first_layer_dense': 95, 'hidden_layer_activation': 'linear', 'learning_rate': 0.1, 'num_epochs': 16.0, 'optimizer': 'Adamax', 'output_layer_activation': 'sigmoid', 'second_layer_dense': 30, 'third_layer_dense': 15}"
0.038845717906951904,0.23254226,0.4195338487625122,0.3473917841911316,0.4039955735206604,0.6614872217178345,"{'batch_size': 16, 'drop_out': 0.24816502585939756, 'first_layer_dense': 95, 'hidden_layer_activation': 'selu', 'learning_rate': 0.1, 'num_epochs': 16.0, 'optimizer': 'SGD', 'output_layer_activation': 'sigmoid', 'second_layer_dense': 34, 'third_layer_dense': 14}"
0.038845717906951904,0.42921898,0.4894561469554901,0.4894561469554901,0.4894561469554901,0.5715871453285217,"{'batch_size': 16, 'drop_out': 0.1524483124949831, 'first_layer_dense': 114, 'hidden_layer_activation': 'sigmoid', 'learning_rate': 0.001, 'num_epochs': 9.0, 'optimizer': 'Adamax', 'output_layer_activation': 'hard_sigmoid', 'second_layer_dense': 37, 'third_layer_dense': 16}"
0.03995561599731445,0.16590498,0.48279687762260437,0.49389567971229553,0.4994450509548187,0.7214206457138062,"{'batch_size': 16, 'drop_out': 0.3466688795926672, 'first_layer_dense': 80, 'hidden_layer_activation': 'softsign', 'learning_rate': 0.1, 'num_epochs': 20.0, 'optimizer': 'Adam', 'output_layer_activation': 'sigmoid', 'second_layer_dense': 37, 'third_layer_dense': 15}"
0.03995561599731445,0.3376677,0.5172030925750732,0.5105438232421875,0.5038845539093018,0.7591564655303955,"{'batch_size': 16, 'drop_out': 0.3539545869865494, 'first_layer_dense': 104, 'hidden_layer_activation': 'sigmoid', 'learning_rate': 0.1, 'num_epochs': 14.0, 'optimizer': 'NAdam', 'output_layer_activation': 'sigmoid', 'second_layer_dense': 49, 'third_layer_dense': 18}"
0.042175352573394775,0.63616407,0.5160932540893555,0.5061043500900269,0.5061043500900269,0.6370699405670166,"{'batch_size': 32, 'drop_out': 0.383506186739419, 'first_layer_dense': 36, 'hidden_layer_activation': 'softmax', 'learning_rate': 0.01, 'num_epochs': 13.0, 'optimizer': 'NAdam', 'output_layer_activation': 'elu', 'second_layer_dense': 40, 'third_layer_dense': 14}"
0.042175352573394775,0.15425093,0.47835737466812134,0.5205327272415161,0.5205327272415161,0.8235294222831726,"{'batch_size': 16, 'drop_out': 0.23131765821521416, 'first_layer_dense': 107, 'hidden_layer_activation': 'softsign', 'learning_rate': 0.1, 'num_epochs': 14.0, 'optimizer': 'Adam', 'output_layer_activation': 'sigmoid', 'second_layer_dense': 31, 'third_layer_dense': 14}"
0.042175352573394775,0.4901669,0.4894561469554901,0.4894561469554901,0.4894561469554901,0.4894561469554901,"{'batch_size': 16, 'drop_out': 0.07473806203686809, 'first_layer_dense': 149, 'hidden_layer_activation': 'softplus', 'learning_rate': 0.001, 'num_epochs': 8.0, 'optimizer': 'Adamax', 'output_layer_activation': 'hard_sigmoid', 'second_layer_dense': 38, 'third_layer_dense': 17}"
0.0443950891494751,0.6647355,0.5715871453285217,0.502774715423584,0.492785781621933,0.7491676211357117,"{'batch_size': 32, 'drop_out': 0.06290055654217153, 'first_layer_dense': 58, 'hidden_layer_activation': 'tanh', 'learning_rate': 0.1, 'num_epochs': 7.0, 'optimizer': 'RMSprop', 'output_layer_activation': 'hard_sigmoid', 'second_layer_dense': 47, 'third_layer_dense': 25}"
0.0443950891494751,0.26594803,0.4428412914276123,0.3984461724758148,0.44728079438209534,0.6670366525650024,"{'batch_size': 16, 'drop_out': 0.18465602474026568, 'first_layer_dense': 78, 'hidden_layer_activation': 'selu', 'learning_rate': 0.1, 'num_epochs': 16.0, 'optimizer': 'SGD', 'output_layer_activation': 'sigmoid', 'second_layer_dense': 32, 'third_layer_dense': 10}"
0.0443950891494751,0.3269404,0.4350721538066864,0.41620421409606934,0.45726969838142395,0.6648168563842773,"{'batch_size': 32, 'drop_out': 0.22999398566897533, 'first_layer_dense': 87, 'hidden_layer_activation': 'relu', 'learning_rate': 0.1, 'num_epochs': 12.0, 'optimizer': 'Adamax', 'output_layer_activation': 'sigmoid', 'second_layer_dense': 30, 'third_layer_dense': 29}"
0.0443950891494751,0.42968038,0.591564953327179,0.5527191758155823,0.5627080798149109,0.635960042476654,"{'batch_size': 16, 'drop_out': 0.4324417840245068, 'first_layer_dense': 129, 'hidden_layer_activation': 'linear', 'learning_rate': 0.01, 'num_epochs': 11.0, 'optimizer': 'Adamax', 'output_layer_activation': 'hard_sigmoid', 'second_layer_dense': 37, 'third_layer_dense': 17}"
0.04550498723983765,0.06493785,0.33074361085891724,0.23973363637924194,0.3607103228569031,0.662597119808197,"{'batch_size': 16, 'drop_out': 0.2694832216891012, 'first_layer_dense': 121, 'hidden_layer_activation': 'softsign', 'learning_rate': 0.1, 'num_epochs': 13.0, 'optimizer': 'Adamax', 'output_layer_activation': 'sigmoid', 'second_layer_dense': 31, 'third_layer_dense': 14}"
0.04550498723983765,0.38570014,0.5338512659072876,0.586015522480011,0.5749167799949646,0.8956714868545532,"{'batch_size': 32, 'drop_out': 0.13598033592000222, 'first_layer_dense': 92, 'hidden_layer_activation': 'selu', 'learning_rate': 0.1, 'num_epochs': 6.0, 'optimizer': 'Adamax', 'output_layer_activation': 'sigmoid', 'second_layer_dense': 33, 'third_layer_dense': 31}"
0.04550498723983765,0.22828685,0.4872364103794098,0.538290798664093,0.529411792755127,0.8634850382804871,"{'batch_size': 16, 'drop_out': 0.2527673814639025, 'first_layer_dense': 95, 'hidden_layer_activation': 'sigmoid', 'learning_rate': 0.1, 'num_epochs': 15.0, 'optimizer': 'NAdam', 'output_layer_activation': 'sigmoid', 'second_layer_dense': 32, 'third_layer_dense': 14}"
0.0466148853302002,0.21742426,0.2674805819988251,0.1764705926179886,0.3163152039051056,0.6614872217178345,"{'batch_size': 16, 'drop_out': 0.18636280898782015, 'first_layer_dense': 50, 'hidden_layer_activation': 'softsign', 'learning_rate': 0.01, 'num_epochs': 9.0, 'optimizer': 'Adamax', 'output_layer_activation': 'sigmoid', 'second_layer_dense': 32, 'third_layer_dense': 16}"
0.0466148853302002,0.26635885,0.4350721538066864,0.43951165676116943,0.46281909942626953,0.7491676211357117,"{'batch_size': 16, 'drop_out': 0.2559624052729675, 'first_layer_dense': 116, 'hidden_layer_activation': 'relu', 'learning_rate': 0.1, 'num_epochs': 14.0, 'optimizer': 'SGD', 'output_layer_activation': 'sigmoid', 'second_layer_dense': 30, 'third_layer_dense': 13}"
0.0466148853302002,0.24457717,0.4350721538066864,0.38512763381004333,0.42841288447380066,0.6637070178985596,"{'batch_size': 16, 'drop_out': 0.25464581681547394, 'first_layer_dense': 85, 'hidden_layer_activation': 'selu', 'learning_rate': 0.1, 'num_epochs': 19.0, 'optimizer': 'SGD', 'output_layer_activation': 'sigmoid', 'second_layer_dense': 34, 'third_layer_dense': 14}"
0.04772472381591797,0.12369805,0.2530521750450134,0.18978911638259888,0.31964483857154846,0.6614872217178345,"{'batch_size': 16, 'drop_out': 0.08811965902114112, 'first_layer_dense': 137, 'hidden_layer_activation': 'softsign', 'learning_rate': 0.1, 'num_epochs': 13.0, 'optimizer': 'Adamax', 'output_layer_activation': 'sigmoid', 'second_layer_dense': 31, 'third_layer_dense': 18}"
0.05105435848236084,0.44236192,0.51165372133255,0.5460599064826965,0.5349611639976501,0.8124306201934814,"{'batch_size': 32, 'drop_out': 0.07096657952895837, 'first_layer_dense': 54, 'hidden_layer_activation': 'softmax', 'learning_rate': 0.1, 'num_epochs': 18.0, 'optimizer': 'NAdam', 'output_layer_activation': 'sigmoid', 'second_layer_dense': 36, 'third_layer_dense': 23}"
0.05105435848236084,0.34345686,0.4295227527618408,0.3240843415260315,0.399556040763855,0.6637070178985596,"{'batch_size': 32, 'drop_out': 0.23906238801117433, 'first_layer_dense': 81, 'hidden_layer_activation': 'linear', 'learning_rate': 0.1, 'num_epochs': 16.0, 'optimizer': 'NAdam', 'output_layer_activation': 'sigmoid', 'second_layer_dense': 32, 'third_layer_dense': 12}"
0.05105435848236084,0.46189857,0.49056604504585266,0.47835737466812134,0.48612651228904724,0.5782464146614075,"{'batch_size': 64, 'drop_out': 0.22982463322087432, 'first_layer_dense': 110, 'hidden_layer_activation': 'softmax', 'learning_rate': 0.1, 'num_epochs': 16.0, 'optimizer': 'Adam', 'output_layer_activation': 'tanh', 'second_layer_dense': 31, 'third_layer_dense': 10}"
0.05216425657272339,0.32134476,0.24306325614452362,0.16759157180786133,0.3185349702835083,0.6614872217178345,"{'batch_size': 16, 'drop_out': 0.36777043442074314, 'first_layer_dense': 56, 'hidden_layer_activation': 'linear', 'learning_rate': 0.1, 'num_epochs': 13.0, 'optimizer': 'RMSprop', 'output_layer_activation': 'sigmoid', 'second_layer_dense': 41, 'third_layer_dense': 16}"
0.05216425657272339,0.46660894,0.4894561469554901,0.4894561469554901,0.4894561469554901,0.6259711384773254,"{'batch_size': 16, 'drop_out': 0.08417813198698863, 'first_layer_dense': 131, 'hidden_layer_activation': 'softplus', 'learning_rate': 0.001, 'num_epochs': 9.0, 'optimizer': 'Adamax', 'output_layer_activation': 'hard_sigmoid', 'second_layer_dense': 38, 'third_layer_dense': 13}"
0.05216425657272339,0.5231173,0.5960044264793396,0.4916759133338928,0.5571587085723877,0.6670366525650024,"{'batch_size': 16, 'drop_out': 0.014258231792014353, 'first_layer_dense': 130, 'hidden_layer_activation': 'linear', 'learning_rate': 0.01, 'num_epochs': 7.0, 'optimizer': 'Adamax', 'output_layer_activation': 'hard_sigmoid', 'second_layer_dense': 44, 'third_layer_dense': 13}"
0.05327415466308594,0.17495975,0.48057714104652405,0.5072141885757446,0.5038845539093018,0.8734739422798157,"{'batch_size': 16, 'drop_out': 0.26105513795579915, 'first_layer_dense': 125, 'hidden_layer_activation': 'softsign', 'learning_rate': 0.1, 'num_epochs': 13.0, 'optimizer': 'NAdam', 'output_layer_activation': 'sigmoid', 'second_layer_dense': 30, 'third_layer_dense': 16}"
0.056603789329528816,0.4207102,0.5471698045730591,0.523862361907959,0.523862361907959,0.7036625742912292,"{'batch_size': 16, 'drop_out': 0.22176530872499411, 'first_layer_dense': 117, 'hidden_layer_activation': 'softsign', 'learning_rate': 0.001, 'num_epochs': 10.0, 'optimizer': 'SGD', 'output_layer_activation': 'hard_sigmoid', 'second_layer_dense': 38, 'third_layer_dense': 13}"
0.057713627815246575,0.25591114,0.4972253143787384,0.6059933304786682,0.586015522480011,0.8779134154319763,"{'batch_size': 16, 'drop_out': 0.22076234594030747, 'first_layer_dense': 77, 'hidden_layer_activation': 'hard_sigmoid', 'learning_rate': 0.1, 'num_epochs': 16.0, 'optimizer': 'NAdam', 'output_layer_activation': 'sigmoid', 'second_layer_dense': 30, 'third_layer_dense': 13}"
0.057713627815246575,0.687173,0.591564953327179,0.586015522480011,0.5837957859039307,0.6503884792327881,"{'batch_size': 32, 'drop_out': 0.029181039243486806, 'first_layer_dense': 131, 'hidden_layer_activation': 'linear', 'learning_rate': 0.01, 'num_epochs': 15.0, 'optimizer': 'RMSprop', 'output_layer_activation': 'hard_sigmoid', 'second_layer_dense': 37, 'third_layer_dense': 29}"
0.05993342399597167,0.34306702,0.49833518266677856,0.523862361907959,0.5183129906654358,0.6792452931404114,"{'batch_size': 16, 'drop_out': 0.3434694543583753, 'first_layer_dense': 45, 'hidden_layer_activation': 'softmax', 'learning_rate': 0.1, 'num_epochs': 11.0, 'optimizer': 'RMSprop', 'output_layer_activation': 'sigmoid', 'second_layer_dense': 40, 'third_layer_dense': 18}"
0.06326305866241455,0.4990215,0.4894561469554901,0.4894561469554901,0.4894561469554901,0.4894561469554901,"{'batch_size': 32, 'drop_out': 0.10957108858603692, 'first_layer_dense': 62, 'hidden_layer_activation': 'sigmoid', 'learning_rate': 0.1, 'num_epochs': 14.0, 'optimizer': 'Adadelta', 'output_layer_activation': 'elu', 'second_layer_dense': 33, 'third_layer_dense': 13}"
0.06326305866241455,0.5867307,0.6648168563842773,0.6437292098999023,0.7058823704719543,0.7280799150466919,"{'batch_size': 32, 'drop_out': 0.042354138838092886, 'first_layer_dense': 32, 'hidden_layer_activation': 'softmax', 'learning_rate': 0.1, 'num_epochs': 12.0, 'optimizer': 'Adam', 'output_layer_activation': 'hard_sigmoid', 'second_layer_dense': 32, 'third_layer_dense': 26}"
0.06326305866241455,0.36796477,0.48834627866744995,0.5527191758155823,0.5449500679969788,0.79911208152771,"{'batch_size': 16, 'drop_out': 0.2974817147442356, 'first_layer_dense': 59, 'hidden_layer_activation': 'softmax', 'learning_rate': 0.1, 'num_epochs': 11.0, 'optimizer': 'Adam', 'output_layer_activation': 'sigmoid', 'second_layer_dense': 48, 'third_layer_dense': 19}"
0.07769143581390381,0.53123796,0.4894561469554901,0.4894561469554901,0.4894561469554901,0.4894561469554901,"{'batch_size': 64, 'drop_out': 0.35702778184317646, 'first_layer_dense': 43, 'hidden_layer_activation': 'softplus', 'learning_rate': 0.1, 'num_epochs': 19.0, 'optimizer': 'Adadelta', 'output_layer_activation': 'exponential', 'second_layer_dense': 43, 'third_layer_dense': 13}"
0.08324086666107178,0.54558,0.8679245114326477,0.7880133390426636,0.7791342735290527,0.9100998640060425,"{'batch_size': 32, 'drop_out': 0.04961017206188903, 'first_layer_dense': 104, 'hidden_layer_activation': 'softsign', 'learning_rate': 0.001, 'num_epochs': 9.0, 'optimizer': 'SGD', 'output_layer_activation': 'hard_sigmoid', 'second_layer_dense': 36, 'third_layer_dense': 12}"
0.08435070514678955,0.38490236,0.8201997876167297,0.7536070942878723,0.7269700169563293,0.8712541460990906,"{'batch_size': 32, 'drop_out': 0.3790991973061238, 'first_layer_dense': 79, 'hidden_layer_activation': 'softsign', 'learning_rate': 0.001, 'num_epochs': 10.0, 'optimizer': 'SGD', 'output_layer_activation': 'sigmoid', 'second_layer_dense': 34, 'third_layer_dense': 15}"
0.08657050132751465,0.34967846,0.550499439239502,0.5671476125717163,0.5582686066627502,0.5427302718162537,"{'batch_size': 64, 'drop_out': 0.20838677638038297, 'first_layer_dense': 90, 'hidden_layer_activation': 'softplus', 'learning_rate': 0.1, 'num_epochs': 15.0, 'optimizer': 'Adam', 'output_layer_activation': 'sigmoid', 'second_layer_dense': 30, 'third_layer_dense': 14}"
0.08879023790359497,0.3028442,0.724750280380249,0.6603773832321167,0.6392896771430969,0.9123196601867676,"{'batch_size': 16, 'drop_out': 0.374120100498024, 'first_layer_dense': 121, 'hidden_layer_activation': 'hard_sigmoid', 'learning_rate': 0.1, 'num_epochs': 12.0, 'optimizer': 'Adadelta', 'output_layer_activation': 'sigmoid', 'second_layer_dense': 31, 'third_layer_dense': 21}"
0.09433960914611816,0.16340828,0.23973363637924194,0.16537180542945862,0.31187570095062256,0.6614872217178345,"{'batch_size': 16, 'drop_out': 0.2287173463630141, 'first_layer_dense': 111, 'hidden_layer_activation': 'softsign', 'learning_rate': 0.1, 'num_epochs': 13.0, 'optimizer': 'Adamax', 'output_layer_activation': 'sigmoid', 'second_layer_dense': 50, 'third_layer_dense': 19}"
0.09988903999328612,0.25934628,0.40732520818710327,0.32297447323799133,0.38734740018844604,0.6459489464759827,"{'batch_size': 16, 'drop_out': 0.20550718202546786, 'first_layer_dense': 82, 'hidden_layer_activation': 'selu', 'learning_rate': 0.1, 'num_epochs': 16.0, 'optimizer': 'SGD', 'output_layer_activation': 'sigmoid', 'second_layer_dense': 34, 'third_layer_dense': 12}"
0.09988903999328612,0.34176916,0.49611541628837585,0.5926747918128967,0.5871254205703735,0.8046615123748779,"{'batch_size': 16, 'drop_out': 0.299667998347389, 'first_layer_dense': 65, 'hidden_layer_activation': 'tanh', 'learning_rate': 0.1, 'num_epochs': 12.0, 'optimizer': 'NAdam', 'output_layer_activation': 'sigmoid', 'second_layer_dense': 47, 'third_layer_dense': 17}"
0.09988903999328612,0.4646435,0.8046615123748779,0.7746948003768921,0.7635959982872009,0.9245283007621765,"{'batch_size': 16, 'drop_out': 0.052394110466565724, 'first_layer_dense': 127, 'hidden_layer_activation': 'softsign', 'learning_rate': 0.001, 'num_epochs': 9.0, 'optimizer': 'Adadelta', 'output_layer_activation': 'hard_sigmoid', 'second_layer_dense': 37, 'third_layer_dense': 17}"
